"","bID","Bin.Id","Marker.lineage","X..genomes","X..markers","X..marker.sets","X0","X1","X2","X3","X4","X5.","Completeness","Contamination","Strain.heterogeneity","description","id","refseqSpecies","source","species_code","cleaned_filename","contigs_greater_0_bp","contigs_greater_1000_bp","contigs_greater_5000_bp","contigs_greater_10000_bp","contigs_greater_25000_bp","contigs_greater_50000_bp","total_length_greater_0_bp","total_length_greater_1000_bp","total_length_greater_5000_bp","total_length_greater_10000_bp","total_length_greater_25000_bp","total_length_greater_50000_bp","total_contigs","largest_contig","total_length","N50","N75","L50","L75","number_Ns_per_100_kbp","species","genID","speciesID"
"1","GCF_000006765.1_ASM676v1_genomic.fna","GCF_000006765.1_ASM676v1_genomic","Pseudomonas (5)",182,833,312,1,831,1,0,0,0,99.68,0.08,0,"Pseudomonas aeruginosa PAO1, complete genome","NC_002516.2","pseudomonas_aeruginosa","REFSEQ",1,"1_002516",1,1,1,1,1,1,6264404,6264404,6264404,6264404,6264404,6264404,1,6264404,6264404,6264404,6264404,1,1,0,"aeruginosa","002516","aeruginosa"
"2","GCF_000019225.1_ASM1922v1_genomic.fna","GCF_000019225.1_ASM1922v1_genomic","Pseudomonas (5)",182,833,312,86,732,15,0,0,0,82.95,1.69,0,"Cellvibrio japonicus Ueda107, complete sequence","NC_010995.1","cellvibrio_japonicus","REFSEQ",127,"127_010995",1,1,1,1,1,1,4576573,4576573,4576573,4576573,4576573,4576573,1,4576573,4576573,4576573,4576573,1,1,0,"cjaponicus","010995","cjaponicus"
"3","GCF_000026105.1_ASM2610v1_genomic.fna","GCF_000026105.1_ASM2610v1_genomic","Pseudomonas (5)",182,833,312,2,825,6,0,0,0,99.36,0.56,0,"Pseudomonas entomophila L48, complete sequence","NC_008027.1","pseudomonas_entomophila","REFSEQ",63,"63_008027",1,1,1,1,1,1,5888780,5888780,5888780,5888780,5888780,5888780,1,5888780,5888780,5888780,5888780,1,1,0,"entomophila","008027","entomophila"
"4","GCF_000219605.1_ASM21960v1_genomic.fna","GCF_000219605.1_ASM21960v1_genomic","Pseudomonas (5)",182,833,312,1,829,3,0,0,0,99.89,0.3,0,"Pseudomonas stutzeri, complete sequence","NC_015740.1","pseudomonas_stutzeri,","REFSEQ",137,"137_015740",1,1,1,1,1,1,4547930,4547930,4547930,4547930,4547930,4547930,1,4547930,4547930,4547930,4547930,1,1,0,"stutzeri","015740","stutzeri"
"5","GCF_000259195.1_LF10417_PSEudwD_genomic.fna","GCF_000259195.1_LF10417_PSEudwD_genomic","Pseudomonas (5)",182,833,312,8,820,5,0,0,0,98.58,0.91,0,"Pseudomonas donghuensis strain HYS Scaffold1, whole genome shotgun sequence","NZ_JH650757.1","pseudomonas_donghuensis","REFSEQ",94,"94_JH650757",64,60,56,52,41,31,5646028,5643400,5630740,5596791,5406101,4989920,64,503710,5646028,188174,102903,10,20,116.06,"donghuensis","JH650757","donghuensis"
"6","GCF_000364625.1_ASM36462v1_genomic.fna","GCF_000364625.1_ASM36462v1_genomic","Pseudomonas (5)",182,833,312,12,816,5,0,0,0,98.08,1.2,0,"Pseudomonas thermotolerans DSM 14292 H165DRAFT_scaffold00001.1, whole genome shotgun sequence","NZ_KB822599.1","pseudomonas_thermotolerans","REFSEQ",121,"121_KB822599",75,75,45,39,30,25,3752096,3752096,3683773,3639570,3513180,3336784,75,310662,3752096,159554,84058,9,18,89.74,"thermotolerans","KB822599","thermotolerans"
"7","GCF_000397205.1_ASM39720v1_genomic.fna","GCF_000397205.1_ASM39720v1_genomic","Pseudomonas (5)",182,833,312,1,829,3,0,0,0,99.68,0.72,0,"Pseudomonas protegens CHA0, complete genome","NC_021237.1","pseudomonas_protegens","REFSEQ",134,"134_021237",1,1,1,1,1,1,6867980,6867980,6867980,6867980,6867980,6867980,1,6867980,6867980,6867980,6867980,1,1,0,"protegens","021237","protegens"
"8","GCF_000410875.1_KCCM90073_genomic.fna","GCF_000410875.1_KCCM90073_genomic","Pseudomonas (5)",182,833,312,41,778,12,1,1,0,92.6,1.49,0,"Pseudomonas pelagia CL-AP6 111.KCCM90073.1_1, whole genome shotgun sequence","NZ_AROI01000001.1","pseudomonas_pelagia","REFSEQ",138,"138_AROI01000001",81,72,50,43,32,25,4642307,4635346,4588971,4539969,4364711,4106253,81,492049,4642307,186161,89996,9,17,0,"pelagia","AROI01000001","pelagia"
"9","GCF_000412675.1_ASM41267v1_genomic.fna","GCF_000412675.1_ASM41267v1_genomic","Pseudomonas (5)",182,833,312,0,831,2,0,0,0,100,0.11,0,"Pseudomonas putida NBRC 14164, complete sequence","NC_021505.1","pseudomonas_putida","REFSEQ",152,"152_021505",1,1,1,1,1,1,6156701,6156701,6156701,6156701,6156701,6156701,1,6156701,6156701,6156701,6156701,1,1,0,"putida","021505","putida"
"10","GCF_000423545.1_ASM42354v1_genomic.fna","GCF_000423545.1_ASM42354v1_genomic","Pseudomonas (5)",182,833,312,1,826,6,0,0,0,99.68,0.8,0,"Pseudomonas resinovorans DSM 21078 G559DRAFT_scaffold00001.1_C, whole genome shotgun sequence","NZ_AUIE01000001.1","pseudomonas_resinovorans","REFSEQ",45,"45_AUIE01000001",53,53,47,47,36,32,6027681,6027681,6012926,6012926,5818090,5669840,53,564385,6027681,197842,121283,10,20,63.13,"resinovorans","AUIE01000001","resinovorans"
"11","GCF_000425625.1_ASM42562v1_genomic.fna","GCF_000425625.1_ASM42562v1_genomic","Pseudomonas (5)",182,833,312,3,820,10,0,0,0,99.04,1.35,0,"Pseudomonas azotifigens DSM 17556 H610DRAFT_scaffold00001.1, whole genome shotgun sequence","NZ_KE384407.1","pseudomonas_azotifigens","REFSEQ",55,"55_KE384407",59,59,55,52,40,32,5017423,5017423,5009091,4989361,4787299,4500398,59,420612,5017423,171594,84523,11,21,398.59,"azotifigens","KE384407","azotifigens"
"12","GCF_000425745.1_ASM42574v1_genomic.fna","GCF_000425745.1_ASM42574v1_genomic","Pseudomonas (5)",182,833,312,3,827,3,0,0,0,99.75,0.17,0,"Pseudomonas cremoricolorata DSM 17059 = NBRC 16634 strain DSM 17059 H618DRAFT_scaffold00001.1_C, whole genome shotgun sequence","NZ_AUEA01000001.1","pseudomonas_cremoricolorata","REFSEQ",148,"148_AUEA01000001",26,26,22,19,18,18,4655082,4655082,4648541,4630209,4613227,4613227,26,561759,4655082,416153,239423,5,9,28.25,"cremoricolorata","AUEA01000001","cremoricolorata"
"13","GCF_000425765.1_ASM42576v1_genomic.fna","GCF_000425765.1_ASM42576v1_genomic","Pseudomonas (5)",182,833,312,0,831,2,0,0,0,100,0.11,0,"Pseudomonas parafulva NBRC 16636 = DSM 17004 H619DRAFT_scaffold00001.1, whole genome shotgun sequence","NZ_KE384443.1","pseudomonas_parafulva","REFSEQ",155,"155_KE384443",32,32,29,28,23,20,4956622,4956622,4949869,4940580,4864295,4737306,32,990909,4956622,295916,175643,6,11,113.83,"parafulva","KE384443","parafulva"
"14","GCF_000425785.1_ASM42578v1_genomic.fna","GCF_000425785.1_ASM42578v1_genomic","Pseudomonas (5)",182,833,312,0,830,3,0,0,0,100,0.22,0,"Pseudomonas taiwanensis DSM 21245 H620DRAFT_scaffold00001.1, whole genome shotgun sequence","NZ_KE384450.1","pseudomonas_taiwanensis","REFSEQ",101,"101_KE384450",67,67,48,43,37,32,5415134,5415134,5382035,5347815,5239135,5008785,67,633911,5415134,174759,116039,10,19,44.25,"taiwanensis","KE384450","taiwanensis"
"15","GCF_000425805.1_ASM42580v1_genomic.fna","GCF_000425805.1_ASM42580v1_genomic","Pseudomonas (5)",182,833,312,0,826,7,0,0,0,100,1.04,0,"Pseudomonas vranovensis DSM 16006 H621DRAFT_scaffold00001.1_C, whole genome shotgun sequence","NZ_AUED01000001.1","pseudomonas_vranovensis","REFSEQ",8,"8_AUED01000001",36,36,30,29,24,19,5697807,5697807,5687282,5677827,5602490,5426026,36,769681,5697807,325087,223858,6,11,26.5,"vranovensis","AUED01000001","vranovensis"
"16","GCF_000444135.1_CLC6_0_3_genomic.fna","GCF_000444135.1_CLC6_0_3_genomic","Pseudomonas (5)",182,833,312,2,829,2,0,0,0,99.36,0.19,0,"Pseudomonas avellanae BPIC 631 contig1, whole genome shotgun sequence","NZ_ATDK01000001.1","pseudomonas_avellanae","REFSEQ",141,"141_ATDK01000001",611,432,251,171,75,17,5962738,5881546,5445445,4844030,3282493,1159572,498,92823,5928135,29502,14063,64,138,0,"avellanae","ATDK01000001","avellanae"
"17","GCF_000495915.1_PseChl_genomic.fna","GCF_000495915.1_PseChl_genomic","Pseudomonas (5)",182,833,312,21,768,43,1,0,0,95.03,5.42,86.96,"Pseudomonas chloritidismutans AW-1 Scaffold_10_Contig_1, whole genome shotgun sequence","NZ_AOFQ01000001.1","pseudomonas_chloritidismutans","REFSEQ",33,"33_AOFQ01000001",77,76,74,68,61,40,5056349,5055464,5049237,5007688,4898260,4096247,77,221301,5056349,103970,58772,18,35,0,"chloritidismutans","AOFQ01000001","chloritidismutans"
"18","GCF_000498575.2_MS-3_genomic.fna","GCF_000498575.2_MS-3_genomic","Pseudomonas (5)",182,833,312,3,816,14,0,0,0,99.25,1.85,14.29,"Pseudomonas taeanensis MS-3 contig_01, whole genome shotgun sequence","NZ_AWSQ01000001.1","pseudomonas_taeanensis","REFSEQ",102,"102_AWSQ01000001",18,18,14,13,12,12,5454863,5454863,5444856,5439257,5423889,5423889,18,1851393,5454863,1007976,485884,2,4,1.92,"taeanensis","AWSQ01000001","taeanensis"
"19","GCF_000621225.1_ASM62122v1_genomic.fna","GCF_000621225.1_ASM62122v1_genomic","Pseudomonas (5)",182,833,312,2,818,13,0,0,0,99.6,1,0,"Pseudomonas mosselii DSM 17497 Q380DRAFT_scaffold00001.1, whole genome shotgun sequence","NZ_KK211238.1","pseudomonas_mosselii","REFSEQ",66,"66_KK211238",55,55,49,44,36,30,6260844,6260844,6248219,6213719,6077511,5844638,55,633234,6260844,242165,127010,9,18,90.88,"mosselii","KK211238","mosselii"
"20","GCF_000621245.1_ASM62124v1_genomic.fna","GCF_000621245.1_ASM62124v1_genomic","Pseudomonas (5)",182,833,312,0,826,7,0,0,0,100,0.65,0,"Pseudomonas monteilii NBRC 103158 = DSM 14164 Q381DRAFT_scaffold00001.1_C, whole genome shotgun sequence","NZ_JHYV01000001.1","pseudomonas_monteilii","REFSEQ",106,"106_JHYV01000001",85,85,61,53,44,32,6308713,6308713,6249490,6191511,6057379,5612671,85,542100,6308713,204302,115717,10,20,4.52,"monteilii","JHYV01000001","monteilii"
"21","GCF_000621265.1_ASM62126v1_genomic.fna","GCF_000621265.1_ASM62126v1_genomic","Pseudomonas (5)",182,833,312,0,831,2,0,0,0,100,0.11,0,"Pseudomonas fulva NBRC 16637 = DSM 17717 Q382DRAFT_scaffold00001.1_C, whole genome shotgun sequence","NZ_JHYU01000001.1","pseudomonas_fulva","REFSEQ",124,"124_JHYU01000001",48,48,37,33,30,26,4770636,4770636,4736618,4707805,4659918,4483159,48,568280,4770636,178183,120154,8,16,93.95,"fulva","JHYU01000001","fulva"
"22","GCF_000688275.1_ASM68827v1_genomic.fna","GCF_000688275.1_ASM68827v1_genomic","Pseudomonas (5)",182,833,312,0,831,2,0,0,0,100,0.11,0,"Pseudomonas plecoglossicida NBRC 103162 = DSM 15088 Q378DRAFT_scaffold00001.1_C, whole genome shotgun sequence","NZ_JHYX01000001.1","pseudomonas_plecoglossicida","REFSEQ",149,"149_JHYX01000001",58,58,51,47,39,31,5347571,5347571,5330537,5304556,5168313,4871060,58,466409,5347571,172824,93122,10,20,0.56,"plecoglossicida","JHYX01000001","plecoglossicida"
"23","GCF_000689415.1_PKB13_genomic.fna","GCF_000689415.1_PKB13_genomic","Pseudomonas (5)",182,833,312,2,821,9,1,0,0,99.66,1.99,0,"Pseudomonas knackmussii B13 complete genome","NZ_HG322950.1","pseudomonas_knackmussii","REFSEQ",3,"3_HG322950",1,1,1,1,1,1,6162905,6162905,6162905,6162905,6162905,6162905,1,6162905,6162905,6162905,6162905,1,1,0,"knackmussii","HG322950","knackmussii"
"24","GCF_000730585.1_ASM73058v1_genomic.fna","GCF_000730585.1_ASM73058v1_genomic","Pseudomonas (5)",182,833,312,2,822,9,0,0,0,99.36,1.41,0,"Pseudomonas japonica NBRC 103040 = DSM 22348 strain NBRC 103040, whole genome shotgun sequence","NZ_BBIR01000162.1","pseudomonas_japonica","REFSEQ",34,"34_BBIR01000162",162,158,142,114,72,38,6663130,6660064,6618527,6400727,5728871,4556132,162,311301,6663130,88070,37512,19,49,0,"japonica","BBIR01000162","japonica"
"25","GCF_000730625.1_ASM73062v1_genomic.fna","GCF_000730625.1_ASM73062v1_genomic","Pseudomonas (5)",182,833,312,11,819,2,1,0,0,98.64,0.61,0,"Pseudomonas oryzihabitans NBRC 102199, whole genome shotgun sequence","NZ_BBIT01000034.1","pseudomonas_oryzihabitans","REFSEQ",83,"83_BBIT01000034",34,34,32,30,24,21,5027590,5027590,5025315,5012305,4910573,4812801,34,953810,5027590,433363,135345,4,9,0,"oryzihabitans","BBIT01000034","oryzihabitans"
"26","GCF_000731675.1_ASM73167v1_genomic.fna","GCF_000731675.1_ASM73167v1_genomic","Pseudomonas (5)",182,833,312,0,829,4,0,0,0,100,0.28,0,"Pseudomonas capeferrum strain WCS358 WCS358-Sc1, whole genome shotgun sequence","NZ_JMIT01000001.1","pseudomonas_capeferrum","REFSEQ",64,"64_JMIT01000001",8,8,8,7,6,6,5940443,5940443,5940443,5933998,5917291,5917291,8,2815361,5940443,1147469,980821,2,3,56.65,"capeferrum","JMIT01000001","capeferrum"
"27","GCF_000746525.1_ASM74652v1_genomic.fna","GCF_000746525.1_ASM74652v1_genomic","Pseudomonas (5)",182,833,312,3,823,6,1,0,0,99.36,1.38,11.11,"Pseudomonas alkylphenolica strain KL28 chromosome, complete genome","NZ_CP009048.1","pseudomonas_alkylphenolica","REFSEQ",56,"56_CP009048",1,1,1,1,1,1,5764622,5764622,5764622,5764622,5764622,5764622,1,5764622,5764622,5764622,5764622,1,1,0,"alkylphenolica","CP009048","alkylphenolica"
"28","GCF_000759445.1_ASM75944v1_genomic.fna","GCF_000759445.1_ASM75944v1_genomic","Pseudomonas (5)",182,833,312,1,830,2,0,0,0,99.92,0.16,0,"Pseudomonas lutea strain DSM 17257 Contig001, whole genome shotgun sequence","NZ_JRMB01000001.1","pseudomonas_lutea","REFSEQ",15,"15_JRMB01000001",5,5,5,5,5,5,5647497,5647497,5647497,5647497,5647497,5647497,5,2839280,5647497,2839280,1930416,1,2,0,"lutea","JRMB01000001","lutea"
"29","GCF_000761155.1_ASM76115v1_genomic.fna","GCF_000761155.1_ASM76115v1_genomic","Pseudomonas (5)",182,833,312,7,822,4,0,0,0,98.93,0.28,0,"Pseudomonas rhizosphaerae strain DSM 16299 chromosome, complete genome","NZ_CP009533.1","pseudomonas_rhizosphaerae","REFSEQ",99,"99_CP009533",1,1,1,1,1,1,4688635,4688635,4688635,4688635,4688635,4688635,1,4688635,4688635,4688635,4688635,1,1,0,"rhizosphaerae","CP009533","rhizosphaerae"
"30","GCF_000806415.1_ASM80641v1_genomic.fna","GCF_000806415.1_ASM80641v1_genomic","Pseudomonas (5)",182,833,312,10,815,8,0,0,0,98.02,1.16,12.5,"Pseudomonas flexibilis strain JCM 14085 PT85_1, whole genome shotgun sequence","NZ_JTAK01000001.1","pseudomonas_flexibilis","REFSEQ",62,"62_JTAK01000001",16,16,11,10,9,9,3748402,3748402,3736984,3731181,3715583,3715583,16,909522,3748402,680030,451025,3,4,0,"flexibilis","JTAK01000001","flexibilis"
"31","GCF_000813265.1_ASM81326v1_genomic.fna","GCF_000813265.1_ASM81326v1_genomic","Pseudomonas (5)",182,833,312,4,826,3,0,0,0,99.12,0.15,0,"Pseudomonas mendocina NBRC 14162, whole genome shotgun sequence","NZ_BBQC01000022.1","pseudomonas_mendocina","REFSEQ",133,"133_BBQC01000022",22,21,18,17,16,15,5124692,5124110,5117320,5111830,5095882,5065976,22,1022592,5124692,428844,299033,5,8,0,"mendocina","BBQC01000022","mendocina"
"32","GCF_000818015.1_ASM81801v1_genomic.fna","GCF_000818015.1_ASM81801v1_genomic","Pseudomonas (5)",182,833,312,11,809,13,0,0,0,98.93,0.97,0,"Pseudomonas balearica DSM 6083 strain DSM6083 (=SP1402) chromosome, complete genome","NZ_CP007511.1","pseudomonas_balearica","REFSEQ",80,"80_CP007511",1,1,1,1,1,1,4383480,4383480,4383480,4383480,4383480,4383480,1,4383480,4383480,4383480,4383480,1,1,0,"balearica","CP007511","balearica"
"33","GCF_000876035.1_ASM87603v1_genomic.fna","GCF_000876035.1_ASM87603v1_genomic","Pseudomonas (5)",182,833,312,0,828,5,0,0,0,100,0.83,0,"Pseudomonas abietaniphila strain KF717, whole genome shotgun sequence","NZ_BBQR01000097.1","pseudomonas_abietaniphila","REFSEQ",13,"13_BBQR01000097",97,83,68,61,51,33,6930016,6920371,6889091,6835594,6682270,5993272,97,646743,6930016,207988,119972,12,23,0,"abietaniphila","BBQR01000097","abietaniphila"
"34","GCF_001043025.1_MG221_genomic.fna","GCF_001043025.1_MG221_genomic","Pseudomonas (5)",182,833,312,2,826,5,0,0,0,99.84,0.63,0,"Pseudomonas helleri strain DSM 29165 10_220866_45.2889, whole genome shotgun sequence","NZ_JYLD01000010.1","pseudomonas_helleri","REFSEQ",32,"32_JYLD01000010",37,36,30,28,25,23,5676287,5675733,5664106,5649589,5606432,5521271,37,623802,5676287,336668,166604,6,12,0,"helleri","JYLD01000010","helleri"
"35","GCF_001043055.1_MG339_genomic.fna","GCF_001043055.1_MG339_genomic","Pseudomonas (5)",182,833,312,0,831,2,0,0,0,100,0.19,0,"Pseudomonas weihenstephanensis strain DSM 29166 10_154467_40.591, whole genome shotgun sequence","NZ_JYLF01000010.1","pseudomonas_weihenstephanensis","REFSEQ",42,"42_JYLF01000010",32,24,16,15,13,13,4792107,4786022,4770225,4764426,4738763,4738763,32,855826,4792107,571018,258145,4,7,0,"weihenstephanensis","JYLF01000010","weihenstephanensis"
"36","GCF_001293725.1_Psv4352_genomic.fna","GCF_001293725.1_Psv4352_genomic","Pseudomonas (5)",182,833,312,0,830,3,0,0,0,100,0.13,0,"Pseudomonas savastanoi strain 4352 Psv4352_Scaffold004, whole genome shotgun sequence","NZ_LGKR01000034.1","pseudomonas_savastanoi","REFSEQ",20,"20_LGKR01000034",121,107,83,64,52,34,6057669,6050557,5988103,5841420,5656241,5004778,113,397303,6055070,171697,60666,11,26,1556.08,"savastanoi","LGKR01000034","savastanoi"
"37","GCF_001400515.1_PmlICMP6289_genomic.fna","GCF_001400515.1_PmlICMP6289_genomic","Pseudomonas (5)",182,833,312,4,828,1,0,0,0,99.16,0.08,0,"Pseudomonas meliae strain ICMP 6289 PmlICMP6289_Contig_1, whole genome shotgun sequence","NZ_LJQT01000414.1","pseudomonas_meliae","REFSEQ",18,"18_LJQT01000414",504,378,236,165,71,11,5097969,5033649,4663886,4132470,2641260,627282,435,66928,5075866,25708,12435,67,137,90.45,"meliae","LJQT01000414","meliae"
"38","GCF_001400735.1_PcaICMP2855_genomic.fna","GCF_001400735.1_PcaICMP2855_genomic","Pseudomonas (5)",182,833,312,0,831,2,0,0,0,100,0.19,0,"Pseudomonas caricapapayae strain ICMP 2855 PcaICMP2855_Contig_1, whole genome shotgun sequence","NZ_LJPW01000012.1","pseudomonas_caricapapayae","REFSEQ",51,"51_LJPW01000012",193,159,131,113,76,45,6257670,6244177,6171865,6034587,5414214,4335239,169,227563,6250381,78662,40649,26,53,2.45,"caricapapayae","LJPW01000012","caricapapayae"
"39","GCF_001400815.1_PfiICMP7848_genomic.fna","GCF_001400815.1_PfiICMP7848_genomic","Pseudomonas (5)",182,833,312,9,821,3,0,0,0,98.83,0.46,66.67,"Pseudomonas ficuserectae strain ICMP 7848 PfiICMP7848_Contig_1, whole genome shotgun sequence","NZ_LJQJ01000543.1","pseudomonas_ficuserectae","REFSEQ",128,"128_LJQJ01000543",624,522,330,191,49,6,5655086,5597354,5095326,4071433,1791755,381571,578,92007,5640651,18060,9209,99,208,247.93,"ficuserectae","LJQJ01000543","ficuserectae"
"40","GCF_001401075.1_PsyICMP3023_genomic.fna","GCF_001401075.1_PsyICMP3023_genomic","Pseudomonas (5)",182,833,312,2,827,4,0,0,0,99.76,0.88,0,"Pseudomonas syringae pv. syringae strain ICMP 3023 PsyICMP3023_Contig_1, whole genome shotgun sequence","NZ_LJRK01000151.1","pseudomonas_syringae","REFSEQ",143,"143_LJRK01000151",179,149,124,110,75,44,6073080,6060396,5986626,5887636,5333048,4197919,156,200069,6065539,76745,42536,26,52,2.26,"syringae","LJRK01000151","syringae"
"41","GCF_001401155.1_PtrICMP9151_genomic.fna","GCF_001401155.1_PtrICMP9151_genomic","Pseudomonas (5)",182,833,312,1,817,15,0,0,0,99.68,2.45,53.33,"Pseudomonas tremae strain ICMP 9151 PtrICMP9151_Contig_1, whole genome shotgun sequence","NZ_LJRO01000117.1","pseudomonas_tremae","REFSEQ",118,"118_LJRO01000117",510,110,66,59,50,39,5929145,5751454,5654860,5603540,5471180,5072231,225,364705,5827046,140769,73135,14,28,3.31,"tremae","LJRO01000117","tremae"
"42","GCF_001401215.1_PvrICMP2848_genomic.fna","GCF_001401215.1_PvrICMP2848_genomic","Pseudomonas (5)",182,833,312,0,829,4,0,0,0,100,0.26,25,"Pseudomonas viridiflava strain ICMP 2848 PvrICMP2848_Contig_1, whole genome shotgun sequence","NZ_LJRS01000098.1","pseudomonas_viridiflava","REFSEQ",16,"16_LJRS01000098",254,219,177,143,82,29,5902031,5885911,5773413,5524642,4515531,2557962,232,168041,5894289,45266,26922,38,79,20.46,"viridiflava","LJRS01000098","viridiflava"
"43","GCF_001411475.1_ASM141147v1_genomic.fna","GCF_001411475.1_ASM141147v1_genomic","Pseudomonas (5)",182,833,312,3,823,7,0,0,0,99.55,0.55,0,"Pseudomonas endophytica strain BSTT44 contig_1, whole genome shotgun sequence","NZ_LLWH01000001.1","pseudomonas_endophytica","REFSEQ",68,"68_LLWH01000001",241,233,177,139,64,18,4973838,4967615,4806147,4524209,3344803,1748937,241,212307,4973838,35704,18789,36,82,0,"endophytica","LLWH01000001","endophytica"
"44","GCF_001543125.1_ASM154312v1_genomic.fna","GCF_001543125.1_ASM154312v1_genomic","Pseudomonas (5)",182,833,312,0,823,10,0,0,0,100,0.76,0,"Pseudomonas agarici strain NCPPB 2472 genome","NZ_CP014135.1","pseudomonas_agarici","REFSEQ",139,"139_CP014135",1,1,1,1,1,1,5502003,5502003,5502003,5502003,5502003,5502003,1,5502003,5502003,5502003,5502003,1,1,166.59,"agarici","CP014135","agarici"
"45","GCF_001597285.1_ASM159728v1_genomic.fna","GCF_001597285.1_ASM159728v1_genomic","Pseudomonas (5)",182,833,312,10,822,1,0,0,0,97.44,0.08,0,"Pseudomonas alcaligenes strain NEB 585, complete genome","NZ_CP014784.1","pseudomonas_alcaligenes","REFSEQ",84,"84_CP014784",1,1,1,1,1,1,4406305,4406305,4406305,4406305,4406305,4406305,1,4406305,4406305,4406305,4406305,1,1,0,"alcaligenes","CP014784","alcaligenes"
"46","GCF_001647715.1_ASM164771v1_genomic.fna","GCF_001647715.1_ASM164771v1_genomic","Pseudomonas (5)",182,833,312,0,828,5,0,0,0,100,0.61,0,"Pseudomonas antarctica strain PAMC 27494 chromosome, complete genome","NZ_CP015600.1","pseudomonas_antarctica","REFSEQ",27,"27_CP015600",3,3,3,3,3,2,6607040,6607040,6607040,6607040,6607040,6576924,3,6441449,6607040,6441449,6441449,1,1,0,"antarctica","CP015600","antarctica"
"47","GCF_001941865.1_ASM194186v1_genomic.fna","GCF_001941865.1_ASM194186v1_genomic","Pseudomonas (5)",182,833,312,2,826,4,1,0,0,99.76,0.81,0,"Pseudomonas alcaliphila JAB1 chromosome, complete genome","NZ_CP016162.1","pseudomonas_alcaliphila","REFSEQ",104,"104_CP016162",1,1,1,1,1,1,5340293,5340293,5340293,5340293,5340293,5340293,1,5340293,5340293,5340293,5340293,1,1,0,"alcaliphila","CP016162","alcaliphila"
"48","GCF_002068135.1_ASM206813v1_genomic.fna","GCF_002068135.1_ASM206813v1_genomic","Pseudomonas (5)",182,833,312,2,830,1,0,0,0,99.57,0.08,0,"Pseudomonas amygdali pv. lachrymans strain NM002 chromosome, complete genome","NZ_CP020351.1","pseudomonas_amygdali","REFSEQ",50,"50_CP020351",1,1,1,1,1,1,6009235,6009235,6009235,6009235,6009235,6009235,1,6009235,6009235,6009235,6009235,1,1,0,"amygdali","CP020351","amygdali"
"49","GCF_002091775.1_ASM209177v1_genomic.fna","GCF_002091775.1_ASM209177v1_genomic","Pseudomonas (5)",182,833,312,4,821,8,0,0,0,99.12,1.71,12.5,"Pseudomonas pseudoalcaligenes NBRC 14167, whole genome shotgun sequence","NZ_BDAJ01000001.1","pseudomonas_pseudoalcaligenes","REFSEQ",78,"78_BDAJ01000001",204,184,136,112,64,32,4702414,4687694,4566249,4387513,3609652,2464134,204,152968,4702414,53275,26410,30,61,0,"pseudoalcaligenes","BDAJ01000001","pseudoalcaligenes"
"50","GCF_002095925.1_ASM209592v1_genomic.fna","GCF_002095925.1_ASM209592v1_genomic","Pseudomonas (5)",182,833,312,1,829,3,0,0,0,99.68,0.48,0,"Pseudomonas chlororaphis subsp. chlororaphis strain ATCC 9446 Pseudomonas_chlororaphis_0.0.0.1001571, whole genome shotgun sequence","NZ_NBAT01000012.1","pseudomonas_chlororaphis","REFSEQ",29,"29_NBAT01000012",35,29,27,24,20,19,6783030,6779716,6775570,6754191,6693434,6657553,31,1001572,6781322,472445,303713,5,9,0,"chlororaphis","NBAT01000012","chlororaphis"
"51","GCF_002197985.1_ASM219798v1_genomic.fna","GCF_002197985.1_ASM219798v1_genomic","Pseudomonas (5)",182,833,312,41,779,12,1,0,0,92.63,1.66,0,"Pseudomonas aestusnigri strain VGXO14 scaffold00001, whole genome shotgun sequence","NZ_NBYK01000001.1","pseudomonas_aestusnigri","REFSEQ",4,"4_NBYK01000001",30,30,29,23,21,17,3829769,3829769,3827356,3781955,3742671,3605895,30,867618,3829769,316895,132902,4,10,337.44,"aestusnigri","NBYK01000001","aestusnigri"
"52","GCF_002307495.1_ASM230749v1_genomic.fna","GCF_002307495.1_ASM230749v1_genomic","Pseudomonas (5)",182,833,312,47,771,14,1,0,0,92.38,1.99,0,"Pseudomonas abyssi strain MT5 contig1, whole genome shotgun sequence","NZ_NTMR01000001.1","pseudomonas_abyssi","REFSEQ",86,"86_NTMR01000001",79,61,44,33,25,21,4322744,4312793,4270802,4191247,4044569,3914673,70,473601,4319339,236029,109619,7,13,0,"abyssi","NTMR01000001","abyssi"
"53","GCF_002563895.1_ASM256389v1_genomic.fna","GCF_002563895.1_ASM256389v1_genomic","Pseudomonas (5)",182,833,312,0,827,6,0,0,0,100,1.04,50,"Pseudomonas lurida strain LMG 21995 Ga0070647_11, whole genome shotgun sequence","NZ_PDJB01000001.1","pseudomonas_lurida","REFSEQ",115,"115_PDJB01000001",1,1,1,1,1,1,6311648,6311648,6311648,6311648,6311648,6311648,1,6311648,6311648,6311648,6311648,1,1,0,"lurida","PDJB01000001","lurida"
"54","GCF_002813445.1_ASM281344v1_genomic.fna","GCF_002813445.1_ASM281344v1_genomic","Pseudomonas (5)",182,833,312,0,827,6,0,0,0,100,1.14,16.67,"Pseudomonas tolaasii NCPPB 2192 Ga0070648_11, whole genome shotgun sequence","NZ_PHHD01000001.1","pseudomonas_tolaasii","REFSEQ",47,"47_PHHD01000001",1,1,1,1,1,1,6792797,6792797,6792797,6792797,6792797,6792797,1,6792797,6792797,6792797,6792797,1,1,0,"tolaasii","PHHD01000001","tolaasii"
"55","GCF_002813455.1_ASM281345v1_genomic.fna","GCF_002813455.1_ASM281345v1_genomic","Pseudomonas (5)",182,833,312,0,830,3,0,0,0,100,0.72,0,"Pseudomonas baetica strain LMG 25716 Ga0070643_11, whole genome shotgun sequence","NZ_PHHE01000001.1","pseudomonas_baetica","REFSEQ",24,"24_PHHE01000001",1,1,1,1,1,1,6902809,6902809,6902809,6902809,6902809,6902809,1,6902809,6902809,6902809,6902809,1,1,0,"baetica","PHHE01000001","baetica"
"56","GCF_004365765.1_ASM436576v1_genomic.fna","GCF_004365765.1_ASM436576v1_genomic","Pseudomonas (5)",182,833,312,0,831,2,0,0,0,100,0.4,0,"Pseudomonas helmanticensis strain BIGb0525 Ga0304788_101, whole genome shotgun sequence","NZ_SOCQ01000001.1","pseudomonas_helmanticensis","REFSEQ",2,"2_SOCQ01000001",42,42,36,34,34,30,6628093,6628093,6616074,6600510,6600510,6416090,42,632583,6628093,240891,159603,10,18,1.43,"helmanticensis","SOCQ01000001","helmanticensis"
"57","GCF_900099645.1_IMG-taxon_2671180067_annotated_assembly_genomic.fna","GCF_900099645.1_IMG-taxon_2671180067_annotated_assembly_genomic","Pseudomonas (5)",182,833,312,2,828,3,0,0,0,99.36,0.18,0,"Pseudomonas peli strain DSM 17833, whole genome shotgun sequence","NZ_FMTL01000017.1","pseudomonas_peli","REFSEQ",90,"90_FMTL01000017",20,20,15,14,11,8,4487120,4487120,4469919,4463975,4412326,4315145,20,1822137,4487120,1227061,545019,2,3,3.45,"peli","FMTL01000017","peli"
"58","GCF_900099785.1_IMG-taxon_2663762770_annotated_assembly_genomic.fna","GCF_900099785.1_IMG-taxon_2663762770_annotated_assembly_genomic","Pseudomonas (5)",182,833,312,3,821,8,1,0,0,99.36,1.26,18.18,"Pseudomonas panipatensis strain CCM 7469, whole genome shotgun sequence","NZ_FNDS01000032.1","pseudomonas_panipatensis","REFSEQ",110,"110_FNDS01000032",34,34,24,24,20,18,5775530,5775530,5755831,5755831,5687014,5623252,34,850239,5775530,442758,271524,5,9,8.4,"panipatensis","FNDS01000032","panipatensis"
"59","GCF_900099945.1_IMG-taxon_2671180033_annotated_assembly_genomic.fna","GCF_900099945.1_IMG-taxon_2671180033_annotated_assembly_genomic","Pseudomonas (5)",182,833,312,1,819,12,1,0,0,99.68,2.25,0,"Pseudomonas delhiensis strain CCM 7361, whole genome shotgun sequence","NZ_FNEC01000101.1","pseudomonas_delhiensis","REFSEQ",40,"40_FNEC01000101",101,101,86,78,68,45,6710571,6710571,6676480,6620398,6454795,5580829,101,295316,6710571,125662,64099,18,36,49.09,"delhiensis","FNEC01000101","delhiensis"
"60","GCF_900100285.1_IMG-taxon_2663762782_annotated_assembly_genomic.fna","GCF_900100285.1_IMG-taxon_2663762782_annotated_assembly_genomic","Pseudomonas (5)",182,833,312,5,823,5,0,0,0,98.61,0.75,0,"Pseudomonas indica strain JCM 21544, whole genome shotgun sequence","NZ_FNFD01000061.1","pseudomonas_indica","REFSEQ",21,"21_FNFD01000061",64,64,53,49,40,32,5786922,5786922,5766529,5742378,5596425,5298825,64,633505,5786922,192612,92639,9,19,39,"indica","FNFD01000061","indica"
"61","GCF_900100365.1_IMG-taxon_2667527432_annotated_assembly_genomic.fna","GCF_900100365.1_IMG-taxon_2667527432_annotated_assembly_genomic","Pseudomonas (5)",182,833,312,0,828,5,0,0,0,100,0.63,0,"Pseudomonas cannabina strain ICMP 2823, whole genome shotgun sequence","NZ_FNKU01000007.1","pseudomonas_cannabina","REFSEQ",82,"82_FNKU01000007",9,9,9,8,8,4,6388314,6388314,6388314,6379894,6379894,6214483,9,5817980,6388314,5817980,5817980,1,1,0,"cannabina","FNKU01000007","cannabina"
"62","GCF_900100495.1_IMG-taxon_2663762779_annotated_assembly_genomic.fna","GCF_900100495.1_IMG-taxon_2663762779_annotated_assembly_genomic","Pseudomonas (5)",182,833,312,3,815,15,0,0,0,99.04,1.83,6.67,"Pseudomonas benzenivorans strain DSM 8628, whole genome shotgun sequence","NZ_FNCT01000044.1","pseudomonas_benzenivorans","REFSEQ",153,"153_FNCT01000044",44,44,40,35,27,24,5743144,5743144,5728852,5692178,5548046,5439074,44,673158,5743144,318602,151444,7,13,5.22,"benzenivorans","FNCT01000044","benzenivorans"
"63","GCF_900100535.1_IMG-taxon_2663762794_annotated_assembly_genomic.fna","GCF_900100535.1_IMG-taxon_2663762794_annotated_assembly_genomic","Pseudomonas (5)",182,833,312,1,829,3,0,0,0,99.68,0.45,0,"Pseudomonas flavescens strain LMG 18387, whole genome shotgun sequence","NZ_FNDG01000051.1","pseudomonas_flavescens","REFSEQ",19,"19_FNDG01000051",51,51,44,38,35,31,5855660,5855660,5841269,5800056,5743339,5573575,51,447237,5855660,207737,125133,9,18,4.7,"flavescens","FNDG01000051","flavescens"
"64","GCF_900101035.1_IMG-taxon_2636416169_annotated_assembly_genomic.fna","GCF_900101035.1_IMG-taxon_2636416169_annotated_assembly_genomic","Pseudomonas (5)",182,833,312,0,832,1,0,0,0,100,0.08,0,"Pseudomonas libanensis strain DSM 17149 chromosome I","NZ_LT629699.1","pseudomonas_libanensis","REFSEQ",25,"25_LT629699",1,1,1,1,1,1,6263198,6263198,6263198,6263198,6263198,6263198,1,6263198,6263198,6263198,6263198,1,1,1.6,"libanensis","LT629699","libanensis"
"65","GCF_900101085.1_IMG-taxon_2639762651_annotated_assembly_genomic.fna","GCF_900101085.1_IMG-taxon_2639762651_annotated_assembly_genomic","Pseudomonas (5)",182,833,312,0,827,6,0,0,0,100,1.17,0,"Pseudomonas grimontii strain DSM 17515, whole genome shotgun sequence","NZ_FNKM01000002.1","pseudomonas_grimontii","REFSEQ",122,"122_FNKM01000002",2,2,2,2,2,2,7107743,7107743,7107743,7107743,7107743,7107743,2,6922452,7107743,6922452,6922452,1,1,0,"grimontii","FNKM01000002","grimontii"
"66","GCF_900101185.1_IMG-taxon_2636416191_annotated_assembly_genomic.fna","GCF_900101185.1_IMG-taxon_2636416191_annotated_assembly_genomic","Pseudomonas (5)",182,833,312,1,823,9,0,0,0,99.68,0.99,55.56,"Pseudomonas gessardii strain LMG 21604, whole genome shotgun sequence","NZ_FNKR01000003.1","pseudomonas_gessardii","REFSEQ",72,"72_FNKR01000003",3,3,3,3,2,2,6695628,6695628,6695628,6695628,6679466,6679466,3,6504198,6695628,6504198,6504198,1,1,0,"gessardii","FNKR01000003","gessardii"
"67","GCF_900101415.1_IMG-taxon_2636416187_annotated_assembly_genomic.fna","GCF_900101415.1_IMG-taxon_2636416187_annotated_assembly_genomic","Pseudomonas (5)",182,833,312,0,828,5,0,0,0,100,0.4,80,"Pseudomonas koreensis strain LMG 21318 chromosome I","NZ_LT629687.1","pseudomonas_koreensis","REFSEQ",145,"145_LT629687",1,1,1,1,1,1,6123913,6123913,6123913,6123913,6123913,6123913,1,6123913,6123913,6123913,6123913,1,1,1.63,"koreensis","LT629687","koreensis"
"68","GCF_900102035.1_IMG-taxon_2667527225_annotated_assembly_genomic.fna","GCF_900102035.1_IMG-taxon_2667527225_annotated_assembly_genomic","Pseudomonas (5)",182,833,312,0,814,19,0,0,0,100,1.7,0,"Pseudomonas extremaustralis strain DSM 17835 genome assembly, chromosome: I","NZ_LT629689.1","pseudomonas_extremaustralis","REFSEQ",6,"6_LT629689",1,1,1,1,1,1,6674429,6674429,6674429,6674429,6674429,6674429,1,6674429,6674429,6674429,6674429,1,1,1.5,"extremaustralis","LT629689","extremaustralis"
"69","GCF_900102045.1_IMG-taxon_2639762638_annotated_assembly_genomic.fna","GCF_900102045.1_IMG-taxon_2639762638_annotated_assembly_genomic","Pseudomonas (5)",182,833,312,0,828,5,0,0,0,100,0.75,0,"Pseudomonas moorei strain DSM 12647, whole genome shotgun sequence","NZ_FNKJ01000003.1","pseudomonas_moorei","REFSEQ",74,"74_FNKJ01000003",4,4,4,4,4,4,6546438,6546438,6546438,6546438,6546438,6546438,4,4775887,6546438,4775887,1080839,1,2,0,"moorei","FNKJ01000003","moorei"
"70","GCF_900102295.1_IMG-taxon_2639762509_annotated_assembly_genomic.fna","GCF_900102295.1_IMG-taxon_2639762509_annotated_assembly_genomic","Pseudomonas (5)",182,833,312,0,831,2,0,0,0,100,0.19,0,"Pseudomonas thivervalensis strain DSM 13194 chromosome I","NZ_LT629691.1","pseudomonas_thivervalensis","REFSEQ",89,"89_LT629691",1,1,1,1,1,1,6604078,6604078,6604078,6604078,6604078,6604078,1,6604078,6604078,6604078,6604078,1,1,1.51,"thivervalensis","LT629691","thivervalensis"
"71","GCF_900102335.1_IMG-taxon_2671180043_annotated_assembly_genomic.fna","GCF_900102335.1_IMG-taxon_2671180043_annotated_assembly_genomic","Pseudomonas (5)",182,833,312,1,829,3,0,0,0,99.92,0.48,0,"Pseudomonas seleniipraecipitans strain LMG 25475, whole genome shotgun sequence","NZ_FNBM01000017.1","pseudomonas_seleniipraecipitans","REFSEQ",93,"93_FNBM01000017",18,18,15,15,14,13,4546163,4546163,4541100,4541100,4525583,4489714,18,1021635,4546163,402243,240754,4,7,14.34,"seleniipraecipitans","FNBM01000017","seleniipraecipitans"
"72","GCF_900102635.1_IMG-taxon_2663762777_annotated_assembly_genomic.fna","GCF_900102635.1_IMG-taxon_2663762777_annotated_assembly_genomic","Pseudomonas (5)",182,833,312,1,829,3,0,0,0,99.84,0.27,0,"Pseudomonas chengduensis strain DSM 26382, whole genome shotgun sequence","NZ_FMZQ01000043.1","pseudomonas_chengduensis","REFSEQ",38,"38_FMZQ01000043",43,43,34,34,26,24,5413065,5413065,5394597,5394597,5279227,5215098,43,1013045,5413065,248272,198995,7,13,15.26,"chengduensis","FMZQ01000043","chengduensis"
"73","GCF_900102665.1_IMG-taxon_2663763601_annotated_assembly_genomic.fna","GCF_900102665.1_IMG-taxon_2663763601_annotated_assembly_genomic","Pseudomonas (5)",182,833,312,13,813,6,1,0,0,98.28,1.05,0,"Pseudomonas psychrotolerans strain DSM 15758, whole genome shotgun sequence","NZ_FMWB01000058.1","pseudomonas_psychrotolerans","REFSEQ",31,"31_FMWB01000058",61,61,49,44,31,24,5731800,5731800,5708601,5672343,5446769,5129287,61,652501,5731800,304226,117837,7,15,16.84,"psychrotolerans","FMWB01000058","psychrotolerans"
"74","GCF_900102675.1_IMG-taxon_2663763604_annotated_assembly_genomic.fna","GCF_900102675.1_IMG-taxon_2663763604_annotated_assembly_genomic","Pseudomonas (5)",182,833,312,1,829,3,0,0,0,99.68,0.27,33.33,"Pseudomonas guariconensis strain LMG 27394, whole genome shotgun sequence","NZ_FMYX01000029.1","pseudomonas_guariconensis","REFSEQ",7,"7_FMYX01000029",29,29,25,23,19,18,5079034,5079034,5070153,5056948,5001963,4968382,29,657213,5079034,313298,221885,6,10,3.15,"guariconensis","FMYX01000029","guariconensis"
"75","GCF_900103225.1_IMG-taxon_2663762773_annotated_assembly_genomic.fna","GCF_900103225.1_IMG-taxon_2663762773_annotated_assembly_genomic","Pseudomonas (5)",182,833,312,0,831,2,0,0,0,100,0.24,0,"Pseudomonas congelans strain DSM 14939, whole genome shotgun sequence","NZ_FNJH01000010.1","pseudomonas_congelans","REFSEQ",17,"17_FNJH01000010",23,23,19,17,14,13,5737059,5737059,5727838,5708524,5659170,5622610,23,1636184,5737059,740022,329263,3,6,88.46,"congelans","FNJH01000010","congelans"
"76","GCF_900103245.1_IMG-taxon_2639762602_annotated_assembly_genomic.fna","GCF_900103245.1_IMG-taxon_2639762602_annotated_assembly_genomic","Pseudomonas (5)",182,833,312,0,822,10,1,0,0,100,1.47,69.23,"Pseudomonas brassicacearum strain LMG 21623 chromosome I","NZ_LT629713.1","pseudomonas_brassicacearum","REFSEQ",11,"11_LT629713",1,1,1,1,1,1,6776659,6776659,6776659,6776659,6776659,6776659,1,6776659,6776659,6776659,6776659,1,1,1.48,"brassicacearum","LT629713","brassicacearum"
"77","GCF_900103345.1_IMG-taxon_2636416017_annotated_assembly_genomic.fna","GCF_900103345.1_IMG-taxon_2636416017_annotated_assembly_genomic","Pseudomonas (5)",182,833,312,0,828,5,0,0,0,100,0.79,40,"Pseudomonas azotoformans strain LMG 21611 genome assembly, chromosome: I","NZ_LT629702.1","pseudomonas_azotoformans","REFSEQ",92,"92_LT629702",1,1,1,1,1,1,6727386,6727386,6727386,6727386,6727386,6727386,1,6727386,6727386,6727386,6727386,1,1,1.49,"azotoformans","LT629702","azotoformans"
"78","GCF_900103705.1_IMG-taxon_2639762560_annotated_assembly_genomic.fna","GCF_900103705.1_IMG-taxon_2639762560_annotated_assembly_genomic","Pseudomonas (5)",182,833,312,0,829,4,0,0,0,100,0.37,0,"Pseudomonas lundensis strain LMG 13517, whole genome shotgun sequence","NZ_FNLA01000002.1","pseudomonas_lundensis","REFSEQ",116,"116_FNLA01000002",2,2,2,2,2,2,5008343,5008343,5008343,5008343,5008343,5008343,2,4400186,5008343,4400186,4400186,1,1,0,"lundensis","FNLA01000002","lundensis"
"79","GCF_900103845.1_IMG-taxon_2663762768_annotated_assembly_genomic.fna","GCF_900103845.1_IMG-taxon_2663762768_annotated_assembly_genomic","Pseudomonas (5)",182,833,312,5,824,4,0,0,0,98.93,0.75,0,"Pseudomonas jinjuensis strain JCM 21621, whole genome shotgun sequence","NZ_FNIJ01000031.1","pseudomonas_jinjuensis","REFSEQ",67,"67_FNIJ01000031",31,31,28,28,27,27,5868669,5868669,5863950,5863950,5848399,5848399,31,547603,5868669,308266,186054,8,14,20.7,"jinjuensis","FNIJ01000031","jinjuensis"
"80","GCF_900103875.1_IMG-taxon_2636416065_annotated_assembly_genomic.fna","GCF_900103875.1_IMG-taxon_2636416065_annotated_assembly_genomic","Pseudomonas (5)",182,833,312,0,830,2,1,0,0,100,0.43,20,"Pseudomonas arsenicoxydans strain CECT 7543 genome assembly, chromosome: I","NZ_LT629705.1","pseudomonas_arsenicoxydans","REFSEQ",30,"30_LT629705",1,1,1,1,1,1,6502978,6502978,6502978,6502978,6502978,6502978,1,6502978,6502978,6502978,6502978,1,1,1.54,"arsenicoxydans","LT629705","arsenicoxydans"
"81","GCF_900103965.1_IMG-taxon_2639762637_annotated_assembly_genomic.fna","GCF_900103965.1_IMG-taxon_2639762637_annotated_assembly_genomic","Pseudomonas (5)",182,833,312,0,830,2,1,0,0,100,0.72,0,"Pseudomonas poae strain LMG 21465 chromosome I","NZ_LT629706.1","pseudomonas_poae","REFSEQ",35,"35_LT629706",1,1,1,1,1,1,5950238,5950238,5950238,5950238,5950238,5950238,1,5950238,5950238,5950238,5950238,1,1,1.68,"poae","LT629706","poae"
"82","GCF_900104015.1_IMG-taxon_2667527209_annotated_assembly_genomic.fna","GCF_900104015.1_IMG-taxon_2667527209_annotated_assembly_genomic","Pseudomonas (5)",182,833,312,0,831,2,0,0,0,100,0.4,0,"Pseudomonas cichorii strain ATCC 10857, whole genome shotgun sequence","NZ_FNIK01000054.1","pseudomonas_cichorii","REFSEQ",150,"150_FNIK01000054",55,55,40,30,25,24,5920059,5920059,5886674,5817670,5732412,5698029,55,808481,5920059,343756,181654,6,13,20.61,"cichorii","FNIK01000054","cichorii"
"83","GCF_900104125.1_IMG-taxon_2639762506_annotated_assembly_genomic.fna","GCF_900104125.1_IMG-taxon_2639762506_annotated_assembly_genomic","Pseudomonas (5)",182,833,312,0,829,4,0,0,0,100,0.75,25,"Pseudomonas reinekei strain DSM 18361 chromosome I","NZ_LT629709.1","pseudomonas_reinekei","REFSEQ",88,"88_LT629709",1,1,1,1,1,1,6312685,6312685,6312685,6312685,6312685,6312685,1,6312685,6312685,6312685,6312685,1,1,1.58,"reinekei","LT629709","reinekei"
"84","GCF_900104265.1_IMG-taxon_2663762796_annotated_assembly_genomic.fna","GCF_900104265.1_IMG-taxon_2663762796_annotated_assembly_genomic","Pseudomonas (5)",182,833,312,1,830,2,0,0,0,99.84,0.11,0,"Pseudomonas guguanensis strain JCM 18416, whole genome shotgun sequence","NZ_FNJJ01000026.1","pseudomonas_guguanensis","REFSEQ",123,"123_FNJJ01000026",26,26,23,22,22,20,5084171,5084171,5074538,5068560,5068560,4974709,26,511368,5084171,291442,197852,7,12,124.11,"guguanensis","FNJJ01000026","guguanensis"
"85","GCF_900104365.1_IMG-taxon_2639762715_annotated_assembly_genomic.fna","GCF_900104365.1_IMG-taxon_2639762715_annotated_assembly_genomic","Pseudomonas (5)",182,833,312,0,830,3,0,0,0,100,0.51,0,"Pseudomonas extremorientalis strain LMG 19695 chromosome I","NZ_LT629708.1","pseudomonas_extremorientalis","REFSEQ",109,"109_LT629708",1,1,1,1,1,1,6373103,6373103,6373103,6373103,6373103,6373103,1,6373103,6373103,6373103,6373103,1,1,1.57,"extremorientalis","LT629708","extremorientalis"
"86","GCF_900104735.1_IMG-taxon_2636416176_annotated_assembly_genomic.fna","GCF_900104735.1_IMG-taxon_2636416176_annotated_assembly_genomic","Pseudomonas (5)",182,833,312,0,829,4,0,0,0,100,0.27,0,"Pseudomonas lini strain DSM 16768 chromosome I","NZ_LT629746.1","pseudomonas_lini","REFSEQ",43,"43_LT629746",1,1,1,1,1,1,6529836,6529836,6529836,6529836,6529836,6529836,1,6529836,6529836,6529836,6529836,1,1,1.53,"lini","LT629746","lini"
"87","GCF_900104805.1_IMG-taxon_2667527434_annotated_assembly_genomic.fna","GCF_900104805.1_IMG-taxon_2667527434_annotated_assembly_genomic","Pseudomonas (5)",182,833,312,20,804,9,0,0,0,95.35,1.7,11.11,"Pseudomonas oryzae strain KCTC 32247 genome assembly, chromosome: I","NZ_LT629751.1","pseudomonas_oryzae","REFSEQ",97,"97_LT629751",1,1,1,1,1,1,4642193,4642193,4642193,4642193,4642193,4642193,1,4642193,4642193,4642193,4642193,1,1,2.15,"oryzae","LT629751","oryzae"
"88","GCF_900104825.1_IMG-taxon_2639762632_annotated_assembly_genomic.fna","GCF_900104825.1_IMG-taxon_2639762632_annotated_assembly_genomic","Pseudomonas (5)",182,833,312,2,826,5,0,0,0,99.87,0.28,0,"Pseudomonas taetrolens strain LMG 2336, whole genome shotgun sequence","NZ_FNRS01000002.1","pseudomonas_taetrolens","REFSEQ",69,"69_FNRS01000002",2,2,2,2,2,2,4936188,4936188,4936188,4936188,4936188,4936188,2,4377246,4936188,4377246,4377246,1,1,0,"taetrolens","FNRS01000002","taetrolens"
"89","GCF_900104875.1_IMG-taxon_2642422516_annotated_assembly_genomic.fna","GCF_900104875.1_IMG-taxon_2642422516_annotated_assembly_genomic","Pseudomonas (5)",182,833,312,0,826,7,0,0,0,100,0.91,0,"Pseudomonas panacis strain LMG 17761, whole genome shotgun sequence","NZ_FNSP01000007.1","pseudomonas_panacis","REFSEQ",70,"70_FNSP01000007",7,7,7,7,7,7,6965019,6965019,6965019,6965019,6965019,6965019,7,4354446,6965019,4354446,1080549,1,2,0,"panacis","FNSP01000007","panacis"
"90","GCF_900104885.1_IMG-taxon_2639762577_annotated_assembly_genomic.fna","GCF_900104885.1_IMG-taxon_2639762577_annotated_assembly_genomic","Pseudomonas (5)",182,833,312,0,829,4,0,0,0,100,0.32,0,"Pseudomonas trivialis strain LMG 21464 chromosome I","NZ_LT629760.1","pseudomonas_trivialis","REFSEQ",76,"76_LT629760",1,1,1,1,1,1,5634667,5634667,5634667,5634667,5634667,5634667,1,5634667,5634667,5634667,5634667,1,1,1.77,"trivialis","LT629760","trivialis"
"91","GCF_900104905.1_IMG-taxon_2639762619_annotated_assembly_genomic.fna","GCF_900104905.1_IMG-taxon_2639762619_annotated_assembly_genomic","Pseudomonas (5)",182,833,312,0,829,4,0,0,0,100,0.32,50,"Pseudomonas jessenii strain LMG 21605, whole genome shotgun sequence","NZ_FNTC01000002.1","pseudomonas_jessenii","REFSEQ",126,"126_FNTC01000002",2,2,2,2,2,2,6588452,6588452,6588452,6588452,6588452,6588452,2,6243738,6588452,6243738,6243738,1,1,0,"jessenii","FNTC01000002","jessenii"
"92","GCF_900104915.1_IMG-taxon_2636416193_annotated_assembly_genomic.fna","GCF_900104915.1_IMG-taxon_2636416193_annotated_assembly_genomic","Pseudomonas (5)",182,833,312,0,825,8,0,0,0,100,0.8,50,"Pseudomonas cedrina strain LMG 23661 chromosome I","NZ_LT629753.1","pseudomonas_cedrina","REFSEQ",79,"79_LT629753",1,1,1,1,1,1,6539015,6539015,6539015,6539015,6539015,6539015,1,6539015,6539015,6539015,6539015,1,1,1.53,"cedrina","LT629753","cedrina"
"93","GCF_900104945.1_IMG-taxon_2667527388_annotated_assembly_genomic.fna","GCF_900104945.1_IMG-taxon_2667527388_annotated_assembly_genomic","Pseudomonas (5)",182,833,312,42,778,12,1,0,0,92,1.6,0,"Pseudomonas xinjiangensis strain NRRL B-51270 genome assembly, chromosome: I","NZ_LT629736.1","pseudomonas_xinjiangensis","REFSEQ",28,"28_LT629736",1,1,1,1,1,1,3537092,3537092,3537092,3537092,3537092,3537092,1,3537092,3537092,3537092,3537092,1,1,2.83,"xinjiangensis","LT629736","xinjiangensis"
"94","GCF_900105005.1_IMG-taxon_2667527220_annotated_assembly_genomic.fna","GCF_900105005.1_IMG-taxon_2667527220_annotated_assembly_genomic","Pseudomonas (5)",182,833,312,58,762,12,1,0,0,89.77,1.7,0,"Pseudomonas litoralis strain 2SM5 genome assembly, chromosome: I","NZ_LT629748.1","pseudomonas_litoralis","REFSEQ",12,"12_LT629748",1,1,1,1,1,1,3987942,3987942,3987942,3987942,3987942,3987942,1,3987942,3987942,3987942,3987942,1,1,2.51,"litoralis","LT629748","litoralis"
"95","GCF_900105115.1_IMG-taxon_2667527224_annotated_assembly_genomic.fna","GCF_900105115.1_IMG-taxon_2667527224_annotated_assembly_genomic","Pseudomonas (5)",182,833,312,0,829,4,0,0,0,100,0.25,0,"Pseudomonas mohnii strain DSM 18327, whole genome shotgun sequence","NZ_FNRV01000002.1","pseudomonas_mohnii","REFSEQ",37,"37_FNRV01000002",2,2,2,2,2,2,6592588,6592588,6592588,6592588,6592588,6592588,2,6476037,6592588,6476037,6476037,1,1,0,"mohnii","FNRV01000002","mohnii"
"96","GCF_900105155.1_IMG-taxon_2663762789_annotated_assembly_genomic.fna","GCF_900105155.1_IMG-taxon_2663762789_annotated_assembly_genomic","Pseudomonas (5)",182,833,312,0,831,2,0,0,0,100,0.4,0,"Pseudomonas prosekii strain LMG 26867 genome assembly, chromosome: I","NZ_LT629762.1","pseudomonas_prosekii","REFSEQ",119,"119_LT629762",1,1,1,1,1,1,6092055,6092055,6092055,6092055,6092055,6092055,1,6092055,6092055,6092055,6092055,1,1,1.64,"prosekii","LT629762","prosekii"
"97","GCF_900105185.1_IMG-taxon_2667528183_annotated_assembly_genomic.fna","GCF_900105185.1_IMG-taxon_2667528183_annotated_assembly_genomic","Pseudomonas (5)",182,833,312,1,821,10,1,0,0,99.68,2.03,0,"Pseudomonas saponiphila strain DSM 9751, whole genome shotgun sequence","NZ_FNTJ01000004.1","pseudomonas_saponiphila","REFSEQ",73,"73_FNTJ01000004",4,4,4,4,4,4,7375852,7375852,7375852,7375852,7375852,7375852,4,4645227,7375852,4645227,2273410,1,2,0,"saponiphila","FNTJ01000004","saponiphila"
"98","GCF_900105255.1_IMG-taxon_2675902958_annotated_assembly_genomic.fna","GCF_900105255.1_IMG-taxon_2675902958_annotated_assembly_genomic","Pseudomonas (5)",182,833,312,38,784,11,0,0,0,93.33,1.74,0,"Pseudomonas sabulinigri strain JCM 14963 genome assembly, chromosome: I","NZ_LT629763.1","pseudomonas_sabulinigri","REFSEQ",114,"114_LT629763",1,1,1,1,1,1,4030203,4030203,4030203,4030203,4030203,4030203,1,4030203,4030203,4030203,4030203,1,1,2.48,"sabulinigri","LT629763","sabulinigri"
"99","GCF_900105285.1_IMG-taxon_2639762618_annotated_assembly_genomic.fna","GCF_900105285.1_IMG-taxon_2639762618_annotated_assembly_genomic","Pseudomonas (5)",182,833,312,0,822,11,0,0,0,100,1.36,54.55,"Pseudomonas umsongensis strain LMG 21317 chromosome I","NZ_LT629767.1","pseudomonas_umsongensis","REFSEQ",57,"57_LT629767",1,1,1,1,1,1,6749275,6749275,6749275,6749275,6749275,6749275,1,6749275,6749275,6749275,6749275,1,1,1.48,"umsongensis","LT629767","umsongensis"
"100","GCF_900105325.1_IMG-taxon_2639762561_annotated_assembly_genomic.fna","GCF_900105325.1_IMG-taxon_2639762561_annotated_assembly_genomic","Pseudomonas (5)",182,833,312,1,828,3,1,0,0,99.92,1.04,0,"Pseudomonas marginalis strain NCPPB 667, whole genome shotgun sequence","NZ_FNSU01000004.1","pseudomonas_marginalis","REFSEQ",61,"61_FNSU01000004",4,4,4,4,4,4,7271315,7271315,7271315,7271315,7271315,7271315,4,4577277,7271315,4577277,1550777,1,2,0,"marginalis","FNSU01000004","marginalis"
"101","GCF_900105355.1_IMG-taxon_2687453785_annotated_assembly_genomic.fna","GCF_900105355.1_IMG-taxon_2687453785_annotated_assembly_genomic","Pseudomonas (5)",182,833,312,5,824,3,0,1,0,98.77,0.9,22.22,"Pseudomonas anguilliseptica strain DSM 12111, whole genome shotgun sequence","NZ_FNSC01000003.1","pseudomonas_anguilliseptica","REFSEQ",98,"98_FNSC01000003",3,3,2,2,2,2,5229617,5229617,5226238,5226238,5226238,5226238,3,5020146,5229617,5020146,5020146,1,1,0,"anguilliseptica","FNSC01000003","anguilliseptica"
"102","GCF_900105475.1_IMG-taxon_2667527430_annotated_assembly_genomic.fna","GCF_900105475.1_IMG-taxon_2667527430_annotated_assembly_genomic","Pseudomonas (5)",182,833,312,1,827,5,0,0,0,99.96,0.78,0,"Pseudomonas asplenii strain ATCC 23835 genome assembly, chromosome: I","NZ_LT629777.1","pseudomonas_asplenii","REFSEQ",130,"130_LT629777",1,1,1,1,1,1,6529636,6529636,6529636,6529636,6529636,6529636,1,6529636,6529636,6529636,6529636,1,1,1.53,"asplenii","LT629777","asplenii"
"103","GCF_900105485.1_IMG-taxon_2667527397_annotated_assembly_genomic.fna","GCF_900105485.1_IMG-taxon_2667527397_annotated_assembly_genomic","Pseudomonas (5)",182,833,312,0,832,1,0,0,0,100,0.08,0,"Pseudomonas granadensis strain LMG 27940 genome assembly, chromosome: I","NZ_LT629778.1","pseudomonas_granadensis","REFSEQ",26,"26_LT629778",1,1,1,1,1,1,5943170,5943170,5943170,5943170,5943170,5943170,1,5943170,5943170,5943170,5943170,1,1,1.68,"granadensis","LT629778","granadensis"
"104","GCF_900105495.1_IMG-taxon_2636416079_annotated_assembly_genomic.fna","GCF_900105495.1_IMG-taxon_2636416079_annotated_assembly_genomic","Pseudomonas (5)",182,833,312,1,827,5,0,0,0,99.68,0.26,60,"Pseudomonas frederiksbergensis strain LMG 19851, whole genome shotgun sequence","NZ_FNTF01000002.1","pseudomonas_frederiksbergensis","REFSEQ",0,"0_FNTF01000002",2,2,2,2,2,2,6394336,6394336,6394336,6394336,6394336,6394336,2,6302433,6394336,6302433,6302433,1,1,0,"frederiksbergensis","FNTF01000002","frederiksbergensis"
"105","GCF_900105555.1_IMG-taxon_2675903003_annotated_assembly_genomic.fna","GCF_900105555.1_IMG-taxon_2675903003_annotated_assembly_genomic","Pseudomonas (5)",182,833,312,7,822,4,0,0,0,98.93,0.32,0,"Pseudomonas coleopterorum strain LMG 28558, whole genome shotgun sequence","NZ_FNTZ01000002.1","pseudomonas_coleopterorum","REFSEQ",147,"147_FNTZ01000002",2,2,2,2,2,2,4922895,4922895,4922895,4922895,4922895,4922895,2,4857115,4922895,4857115,4857115,1,1,0,"coleopterorum","FNTZ01000002","coleopterorum"
"106","GCF_900105575.1_IMG-taxon_2639763190_annotated_assembly_genomic.fna","GCF_900105575.1_IMG-taxon_2639763190_annotated_assembly_genomic","Pseudomonas (5)",182,833,312,0,823,10,0,0,0,100,1.3,0,"Pseudomonas rhodesiae strain LMG 17764 chromosome I","NZ_LT629801.1","pseudomonas_rhodesiae","REFSEQ",53,"53_LT629801",1,1,1,1,1,1,6417799,6417799,6417799,6417799,6417799,6417799,1,6417799,6417799,6417799,6417799,1,1,1.56,"rhodesiae","LT629801","rhodesiae"
"107","GCF_900105635.1_IMG-taxon_2639762655_annotated_assembly_genomic.fna","GCF_900105635.1_IMG-taxon_2639762655_annotated_assembly_genomic","Pseudomonas (5)",182,833,312,0,830,3,0,0,0,100,0.29,0,"Pseudomonas kilonensis strain DSM 13647, whole genome shotgun sequence","NZ_FNTT01000002.1","pseudomonas_kilonensis","REFSEQ",95,"95_FNTT01000002",2,2,2,2,2,2,6415378,6415378,6415378,6415378,6415378,6415378,2,5740441,6415378,5740441,5740441,1,1,0,"kilonensis","FNTT01000002","kilonensis"
"108","GCF_900105655.1_IMG-taxon_2667527386_annotated_assembly_genomic.fna","GCF_900105655.1_IMG-taxon_2667527386_annotated_assembly_genomic","Pseudomonas (5)",182,833,312,51,767,15,0,0,0,89.46,2.08,0,"Pseudomonas salegens strain CECT 8338 genome assembly, chromosome: I","NZ_LT629787.1","pseudomonas_salegens","REFSEQ",87,"87_LT629787",1,1,1,1,1,1,3796105,3796105,3796105,3796105,3796105,3796105,1,3796105,3796105,3796105,3796105,1,1,2.63,"salegens","LT629787","salegens"
"109","GCF_900105675.1_IMG-taxon_2667527385_annotated_assembly_genomic.fna","GCF_900105675.1_IMG-taxon_2667527385_annotated_assembly_genomic","Pseudomonas (5)",182,833,312,0,828,5,0,0,0,100,0.44,0,"Pseudomonas synxantha strain LMG 2190 genome assembly, chromosome: I","NZ_LT629786.1","pseudomonas_synxantha","REFSEQ",14,"14_LT629786",1,1,1,1,1,1,6842016,6842016,6842016,6842016,6842016,6842016,1,6842016,6842016,6842016,6842016,1,1,1.46,"synxantha","LT629786","synxantha"
"110","GCF_900105735.1_IMG-taxon_2667528168_annotated_assembly_genomic.fna","GCF_900105735.1_IMG-taxon_2667528168_annotated_assembly_genomic","Pseudomonas (5)",182,833,312,0,830,3,0,0,0,100,0.35,0,"Pseudomonas yamanorum strain LMG 27247 genome assembly, chromosome: I","NZ_LT629793.1","pseudomonas_yamanorum","REFSEQ",85,"85_LT629793",1,1,1,1,1,1,7087525,7087525,7087525,7087525,7087525,7087525,1,7087525,7087525,7087525,7087525,1,1,1.41,"yamanorum","LT629793","yamanorum"
"111","GCF_900105795.1_IMG-taxon_2636416190_annotated_assembly_genomic.fna","GCF_900105795.1_IMG-taxon_2636416190_annotated_assembly_genomic","Pseudomonas (5)",182,833,312,0,824,8,1,0,0,100,1.07,18.18,"Pseudomonas orientalis strain LMG 23660 chromosome I","NZ_LT629782.1","pseudomonas_orientalis","REFSEQ",71,"71_LT629782",1,1,1,1,1,1,6130232,6130232,6130232,6130232,6130232,6130232,1,6130232,6130232,6130232,6130232,1,1,1.63,"orientalis","LT629782","orientalis"
"112","GCF_900105805.1_IMG-taxon_2639762633_annotated_assembly_genomic.fna","GCF_900105805.1_IMG-taxon_2639762633_annotated_assembly_genomic","Pseudomonas (5)",182,833,312,0,830,3,0,0,0,100,0.72,66.67,"Pseudomonas moraviensis strain LMG 24280 chromosome I","NZ_LT629788.1","pseudomonas_moraviensis","REFSEQ",65,"65_LT629788",1,1,1,1,1,1,6092541,6092541,6092541,6092541,6092541,6092541,1,6092541,6092541,6092541,6092541,1,1,1.64,"moraviensis","LT629788","moraviensis"
"113","GCF_900105815.1_IMG-taxon_2639762518_annotated_assembly_genomic.fna","GCF_900105815.1_IMG-taxon_2639762518_annotated_assembly_genomic","Pseudomonas (5)",182,833,312,0,829,4,0,0,0,100,0.83,0,"Pseudomonas brenneri strain DSM 15294 chromosome I","NZ_LT629800.1","pseudomonas_brenneri","REFSEQ",125,"125_LT629800",1,1,1,1,1,1,6032706,6032706,6032706,6032706,6032706,6032706,1,6032706,6032706,6032706,6032706,1,1,1.66,"brenneri","LT629800","brenneri"
"114","GCF_900105825.1_IMG-taxon_2667527228_annotated_assembly_genomic.fna","GCF_900105825.1_IMG-taxon_2667527228_annotated_assembly_genomic","Pseudomonas (5)",182,833,312,0,828,5,0,0,0,100,0.61,0,"Pseudomonas vancouverensis strain LMG 20222 chromosome I","NZ_LT629803.1","pseudomonas_vancouverensis","REFSEQ",96,"96_LT629803",1,1,1,1,1,1,6424905,6424905,6424905,6424905,6424905,6424905,1,6424905,6424905,6424905,6424905,1,1,1.56,"vancouverensis","LT629803","vancouverensis"
"115","GCF_900105835.1_IMG-taxon_2667527431_annotated_assembly_genomic.fna","GCF_900105835.1_IMG-taxon_2667527431_annotated_assembly_genomic","Pseudomonas (5)",182,833,312,1,829,3,0,0,0,99.95,0.22,0,"Pseudomonas fragi strain NRRL B-727 genome assembly, chromosome: I","NZ_LT629783.1","pseudomonas_fragi","REFSEQ",23,"23_LT629783",1,1,1,1,1,1,5072304,5072304,5072304,5072304,5072304,5072304,1,5072304,5072304,5072304,5072304,1,1,1.97,"fragi","LT629783","fragi"
"116","GCF_900105885.1_IMG-taxon_2667527223_annotated_assembly_genomic.fna","GCF_900105885.1_IMG-taxon_2667527223_annotated_assembly_genomic","Pseudomonas (5)",182,833,312,33,791,8,1,0,0,93.27,1.04,0,"Pseudomonas guangdongensis strain CCTCC AB 2012022 chromosome I","NZ_LT629780.1","pseudomonas_guangdongensis","REFSEQ",22,"22_LT629780",1,1,1,1,1,1,3191154,3191154,3191154,3191154,3191154,3191154,1,3191154,3191154,3191154,3191154,1,1,3.13,"guangdongensis","LT629780","guangdongensis"
"117","GCF_900105935.1_IMG-taxon_2645728113_annotated_assembly_genomic.fna","GCF_900105935.1_IMG-taxon_2645728113_annotated_assembly_genomic","Pseudomonas (5)",182,833,312,3,825,5,0,0,0,99.36,1.15,0,"Pseudomonas costantinii strain LMG 22119, whole genome shotgun sequence","NZ_FNTS01000002.1","pseudomonas_costantinii","REFSEQ",157,"157_FNTS01000002",2,2,2,2,2,1,6711067,6711067,6711067,6711067,6711067,6663720,2,6663720,6711067,6663720,6663720,1,1,0,"costantinii","FNTS01000002","costantinii"
"118","GCF_900105955.1_IMG-taxon_2639763197_annotated_assembly_genomic.fna","GCF_900105955.1_IMG-taxon_2639763197_annotated_assembly_genomic","Pseudomonas (5)",182,833,312,0,822,11,0,0,0,100,1.04,72.73,"Pseudomonas proteolytica strain LMG 22710, whole genome shotgun sequence","NZ_FNTR01000007.1","pseudomonas_proteolytica","REFSEQ",107,"107_FNTR01000007",7,7,7,7,7,6,6496015,6496015,6496015,6496015,6496015,6446844,7,4237315,6496015,4237315,781100,1,2,0,"proteolytica","FNTR01000007","proteolytica"
"119","GCF_900105975.1_IMG-taxon_2639762588_annotated_assembly_genomic.fna","GCF_900105975.1_IMG-taxon_2639762588_annotated_assembly_genomic","Pseudomonas (5)",182,833,312,1,828,4,0,0,0,99.68,0.61,0,"Pseudomonas palleroniana strain LMG 23076, whole genome shotgun sequence","NZ_FNUA01000002.1","pseudomonas_palleroniana","REFSEQ",120,"120_FNUA01000002",2,2,2,2,2,2,6153135,6153135,6153135,6153135,6153135,6153135,2,5814540,6153135,5814540,5814540,1,1,0,"palleroniana","FNUA01000002","palleroniana"
"120","GCF_900105995.1_IMG-taxon_2667527387_annotated_assembly_genomic.fna","GCF_900105995.1_IMG-taxon_2667527387_annotated_assembly_genomic","Pseudomonas (5)",182,833,312,39,790,4,0,0,0,93.47,0.58,0,"Pseudomonas pohangensis strain DSM 17875 genome assembly, chromosome: I","NZ_LT629785.1","pseudomonas_pohangensis","REFSEQ",77,"77_LT629785",1,1,1,1,1,1,3769689,3769689,3769689,3769689,3769689,3769689,1,3769689,3769689,3769689,3769689,1,1,2.65,"pohangensis","LT629785","pohangensis"
"121","GCF_900106005.1_IMG-taxon_2675902957_annotated_assembly_genomic.fna","GCF_900106005.1_IMG-taxon_2675902957_annotated_assembly_genomic","Pseudomonas (5)",182,833,312,0,831,2,0,0,0,100,0.14,0,"Pseudomonas mediterranea strain DSM 16733 chromosome I","NZ_LT629790.1","pseudomonas_mediterranea","REFSEQ",105,"105_LT629790",1,1,1,1,1,1,6346235,6346235,6346235,6346235,6346235,6346235,1,6346235,6346235,6346235,6346235,1,1,1.58,"mediterranea","LT629790","mediterranea"
"122","GCF_900106015.1_IMG-taxon_2667527235_annotated_assembly_genomic.fna","GCF_900106015.1_IMG-taxon_2667527235_annotated_assembly_genomic","Pseudomonas (5)",182,833,312,2,825,6,0,0,0,99.79,0.39,16.67,"Pseudomonas sihuiensis strain KCTC 32246 genome assembly, chromosome: I","NZ_LT629797.1","pseudomonas_sihuiensis","REFSEQ",151,"151_LT629797",1,1,1,1,1,1,5476367,5476367,5476367,5476367,5476367,5476367,1,5476367,5476367,5476367,5476367,1,1,1.83,"sihuiensis","LT629797","sihuiensis"
"123","GCF_900106025.1_IMG-taxon_2636416188_annotated_assembly_genomic.fna","GCF_900106025.1_IMG-taxon_2636416188_annotated_assembly_genomic","Pseudomonas (5)",182,833,312,0,829,4,0,0,0,100,0.74,0,"Pseudomonas migulae strain LMG 21608, whole genome shotgun sequence","NZ_FNTY01000002.1","pseudomonas_migulae","REFSEQ",131,"131_FNTY01000002",2,2,2,2,2,2,6782308,6782308,6782308,6782308,6782308,6782308,2,6112172,6782308,6112172,6112172,1,1,0,"migulae","FNTY01000002","migulae"
"124","GCF_900106045.1_IMG-taxon_2667527233_annotated_assembly_genomic.fna","GCF_900106045.1_IMG-taxon_2667527233_annotated_assembly_genomic","Pseudomonas (5)",182,833,312,0,828,5,0,0,0,100,0.5,0,"Pseudomonas mucidolens strain LMG 2223 genome assembly, chromosome: I","NZ_LT629802.1","pseudomonas_mucidolens","REFSEQ",140,"140_LT629802",1,1,1,1,1,1,5853167,5853167,5853167,5853167,5853167,5853167,1,5853167,5853167,5853167,5853167,1,1,1.71,"mucidolens","LT629802","mucidolens"
"125","GCF_900106065.1_IMG-taxon_2636416004_annotated_assembly_genomic.fna","GCF_900106065.1_IMG-taxon_2636416004_annotated_assembly_genomic","Pseudomonas (5)",182,833,312,0,828,5,0,0,0,100,0.47,0,"Pseudomonas mandelii strain LMG 21607 genome assembly, chromosome: I","NZ_LT629796.1","pseudomonas_mandelii","REFSEQ",75,"75_LT629796",1,1,1,1,1,1,7041758,7041758,7041758,7041758,7041758,7041758,1,7041758,7041758,7041758,7041758,1,1,1.42,"mandelii","LT629796","mandelii"
"126","GCF_900106085.1_IMG-taxon_2639763195_annotated_assembly_genomic.fna","GCF_900106085.1_IMG-taxon_2639763195_annotated_assembly_genomic","Pseudomonas (5)",182,833,312,1,831,1,0,0,0,99.68,0.08,0,"Pseudomonas corrugata strain LMG 2172 chromosome I","NZ_LT629798.1","pseudomonas_corrugata","REFSEQ",117,"117_LT629798",1,1,1,1,1,1,6150838,6150838,6150838,6150838,6150838,6150838,1,6150838,6150838,6150838,6150838,1,1,1.63,"corrugata","LT629798","corrugata"
"127","GCF_900106095.1_IMG-taxon_2636416038_annotated_assembly_genomic.fna","GCF_900106095.1_IMG-taxon_2636416038_annotated_assembly_genomic","Pseudomonas (5)",182,833,312,1,825,7,0,0,0,99.95,0.57,57.14,"Pseudomonas deceptionensis strain LMG 25555, whole genome shotgun sequence","NZ_FNUD01000002.1","pseudomonas_deceptionensis","REFSEQ",146,"146_FNUD01000002",2,2,1,1,1,1,5096762,5096762,5095053,5095053,5095053,5095053,2,5095053,5096762,5095053,5095053,1,1,0,"deceptionensis","FNUD01000002","deceptionensis"
"128","GCF_900106105.1_IMG-taxon_2636416189_annotated_assembly_genomic.fna","GCF_900106105.1_IMG-taxon_2636416189_annotated_assembly_genomic","Pseudomonas (5)",182,833,312,1,830,2,0,0,0,99.95,0.19,0,"Pseudomonas psychrophila strain LMG 24276 chromosome I","NZ_LT629795.1","pseudomonas_psychrophila","REFSEQ",91,"91_LT629795",1,1,1,1,1,1,5322478,5322478,5322478,5322478,5322478,5322478,1,5322478,5322478,5322478,5322478,1,1,1.88,"psychrophila","LT629795","psychrophila"
"129","GCF_900106975.1_IMG-taxon_2671180037_annotated_assembly_genomic.fna","GCF_900106975.1_IMG-taxon_2671180037_annotated_assembly_genomic","Pseudomonas (5)",182,833,312,2,822,9,0,0,0,99.68,1.07,0,"Pseudomonas kuykendallii strain NRRL B-59562, whole genome shotgun sequence","NZ_FNNU01000015.1","pseudomonas_kuykendallii","REFSEQ",54,"54_FNNU01000015",15,15,14,11,10,9,4690373,4690373,4687243,4668932,4653199,4627062,15,1112858,4690373,700257,445240,3,5,13.96,"kuykendallii","FNNU01000015","kuykendallii"
"130","GCF_900107155.1_IMG-taxon_2663763605_annotated_assembly_genomic.fna","GCF_900107155.1_IMG-taxon_2663763605_annotated_assembly_genomic","Pseudomonas (5)",182,833,312,0,829,4,0,0,0,100,0.53,0,"Pseudomonas salomonii strain ICMP 14252, whole genome shotgun sequence","NZ_FNOX01000039.1","pseudomonas_salomonii","REFSEQ",36,"36_FNOX01000039",39,39,30,29,26,22,6954378,6954378,6932770,6925166,6859559,6712192,39,871456,6954378,447140,259510,6,11,73.26,"salomonii","FNOX01000039","salomonii"
"131","GCF_900108535.1_IMG-taxon_2675902960_annotated_assembly_genomic.fna","GCF_900108535.1_IMG-taxon_2675902960_annotated_assembly_genomic","Pseudomonas (5)",182,833,312,3,823,7,0,0,0,99.04,1.07,0,"Pseudomonas xanthomarina strain LMG 23572 genome assembly, chromosome: I","NZ_LT629970.1","pseudomonas_xanthomarina","REFSEQ",49,"49_LT629970",1,1,1,1,1,1,4332289,4332289,4332289,4332289,4332289,4332289,1,4332289,4332289,4332289,4332289,1,1,2.31,"xanthomarina","LT629970","xanthomarina"
"132","GCF_900108595.1_IMG-taxon_2667527230_annotated_assembly_genomic.fna","GCF_900108595.1_IMG-taxon_2667527230_annotated_assembly_genomic","Pseudomonas (5)",182,833,312,3,827,3,0,0,0,99.83,0.43,0,"Pseudomonas fuscovaginae strain LMG 2158 genome assembly, chromosome: I","NZ_LT629972.1","pseudomonas_fuscovaginae","REFSEQ",132,"132_LT629972",1,1,1,1,1,1,6592354,6592354,6592354,6592354,6592354,6592354,1,6592354,6592354,6592354,6592354,1,1,1.52,"fuscovaginae","LT629972","fuscovaginae"
"133","GCF_900109155.1_IMG-taxon_2671180034_annotated_assembly_genomic.fna","GCF_900109155.1_IMG-taxon_2671180034_annotated_assembly_genomic","Pseudomonas (5)",182,833,312,3,819,11,0,0,0,99.2,1.87,0,"Pseudomonas oleovorans strain RS1, whole genome shotgun sequence","NZ_FNZC01000117.1","pseudomonas_oleovorans","REFSEQ",135,"135_FNZC01000117",118,118,100,92,63,39,4784556,4784556,4746673,4681175,4159974,3365199,118,174264,4784556,69240,37509,23,45,137.36,"oleovorans","FNZC01000117","oleovorans"
"134","GCF_900109175.1_IMG-taxon_2663762776_annotated_assembly_genomic.fna","GCF_900109175.1_IMG-taxon_2663762776_annotated_assembly_genomic","Pseudomonas (5)",182,833,312,21,793,17,2,0,0,95.46,2.5,13.04,"Pseudomonas linyingensis strain LMG 25967, whole genome shotgun sequence","NZ_FNZE01000043.1","pseudomonas_linyingensis","REFSEQ",158,"158_FNZE01000043",43,43,34,31,29,25,4721122,4721122,4703481,4681215,4646906,4511710,43,467980,4721122,231539,124068,7,14,65.11,"linyingensis","FNZE01000043","linyingensis"
"135","GCF_900109735.1_IMG-taxon_2663763602_annotated_assembly_genomic.fna","GCF_900109735.1_IMG-taxon_2663763602_annotated_assembly_genomic","Pseudomonas (5)",182,833,312,40,784,9,0,0,0,90.71,1.34,0,"Pseudomonas hussainii strain JCM 19513, whole genome shotgun sequence","NZ_FOAS01000045.1","pseudomonas_hussainii","REFSEQ",44,"44_FOAS01000045",45,45,31,27,22,21,3682314,3682314,3659339,3634285,3551178,3523166,45,359612,3682314,215245,157754,7,12,42.53,"hussainii","FOAS01000045","hussainii"
"136","GCF_900110655.1_IMG-taxon_2663762771_annotated_assembly_genomic.fna","GCF_900110655.1_IMG-taxon_2663762771_annotated_assembly_genomic","Pseudomonas (5)",182,833,312,1,828,4,0,0,0,99.68,0.32,0,"Pseudomonas soli strain LMG 27941, whole genome shotgun sequence","NZ_FOEQ01000034.1","pseudomonas_soli","REFSEQ",113,"113_FOEQ01000034",34,34,29,28,22,18,5644909,5644909,5635897,5629424,5524156,5396638,34,991515,5644909,357163,209683,5,9,74.47,"soli","FOEQ01000034","soli"
"137","GCF_900110795.1_IMG-taxon_2663762783_annotated_assembly_genomic.fna","GCF_900110795.1_IMG-taxon_2663762783_annotated_assembly_genomic","Pseudomonas (5)",182,833,312,7,818,8,0,0,0,99.2,1.03,0,"Pseudomonas lutea strain JCM 3352, whole genome shotgun sequence","NZ_FOEV01000053.1","pseudomonas_lutea","REFSEQ",15,"15_FOEV01000053",53,53,35,29,23,19,5421602,5421602,5387896,5340583,5245246,5113603,53,512669,5421602,322783,211128,7,11,0,"luteola","FOEV01000053","luteola"
"138","GCF_900110925.1_IMG-taxon_2663763600_annotated_assembly_genomic.fna","GCF_900110925.1_IMG-taxon_2663763600_annotated_assembly_genomic","Pseudomonas (5)",182,833,312,1,822,10,0,0,0,99.89,0.59,0,"Pseudomonas cuatrocienegasensis strain CIP 109853, whole genome shotgun sequence","NZ_FOFP01000048.1","pseudomonas_cuatrocienegasensis","REFSEQ",9,"9_FOFP01000048",50,50,41,35,31,24,5358739,5358739,5335788,5290950,5232425,4956399,50,604798,5358739,246774,142711,7,15,190.83,"cuatrocienegasensis","FOFP01000048","cuatrocienegasensis"
"139","GCF_900111225.1_IMG-taxon_2671180106_annotated_assembly_genomic.fna","GCF_900111225.1_IMG-taxon_2671180106_annotated_assembly_genomic","Pseudomonas (5)",182,833,312,47,773,13,0,0,0,91.6,1.64,0,"Pseudomonas bauzanensis strain DSM 22558, whole genome shotgun sequence","NZ_FOGN01000015.1","pseudomonas_bauzanensis","REFSEQ",52,"52_FOGN01000015",16,16,13,12,11,10,3542729,3542729,3534157,3524443,3508700,3459147,16,1379517,3542729,414199,302805,2,5,41.66,"bauzanensis","FOGN01000015","bauzanensis"
"140","GCF_900111735.1_IMG-taxon_2671180035_annotated_assembly_genomic.fna","GCF_900111735.1_IMG-taxon_2671180035_annotated_assembly_genomic","Pseudomonas (5)",182,833,312,0,831,2,0,0,0,100,0.11,0,"Pseudomonas graminis strain DSM 11363, whole genome shotgun sequence","NZ_FOHW01000098.1","pseudomonas_graminis","REFSEQ",41,"41_FOHW01000098",98,98,76,68,55,37,5852045,5852045,5803901,5743641,5520122,4867495,98,398862,5852045,130494,68969,15,30,112.11,"graminis","FOHW01000098","graminis"
"141","GCF_900111835.1_IMG-taxon_2663762781_annotated_assembly_genomic.fna","GCF_900111835.1_IMG-taxon_2663762781_annotated_assembly_genomic","Pseudomonas (5)",182,833,312,3,827,3,0,0,0,99.28,0.72,0,"Pseudomonas otitidis strain DSM 17224, whole genome shotgun sequence","NZ_FOJP01000049.1","pseudomonas_otitidis","REFSEQ",58,"58_FOJP01000049",50,50,42,40,33,28,6344741,6344741,6328142,6313173,6193542,6000901,50,556124,6344741,271825,185555,10,17,40.84,"otitidis","FOJP01000049","otitidis"
"142","GCF_900111895.1_IMG-taxon_2663762772_annotated_assembly_genomic.fna","GCF_900111895.1_IMG-taxon_2663762772_annotated_assembly_genomic","Pseudomonas (5)",182,833,312,0,831,2,0,0,0,100,0.4,0,"Pseudomonas simiae strain CCUG 50988, whole genome shotgun sequence","NZ_FOKB01000023.1","pseudomonas_simiae","REFSEQ",10,"10_FOKB01000023",23,23,18,18,16,16,6239853,6239853,6227195,6227195,6203609,6203609,23,1238362,6239853,750639,330815,4,7,53.69,"simiae","FOKB01000023","simiae"
"143","GCF_900112375.1_IMG-taxon_2663762793_annotated_assembly_genomic.fna","GCF_900112375.1_IMG-taxon_2663762793_annotated_assembly_genomic","Pseudomonas (5)",182,833,312,1,820,11,1,0,0,99.68,2.17,0,"Pseudomonas citronellolis strain LMG 18378, whole genome shotgun sequence","NZ_FOLS01000075.1","pseudomonas_citronellolis","REFSEQ",100,"100_FOLS01000075",76,76,64,63,55,45,7198503,7198503,7167887,7162131,7014627,6640122,76,386725,7198503,157758,108761,16,29,38.9,"citronellolis","FOLS01000075","citronellolis"
"144","GCF_900112645.1_IMG-taxon_2663762767_annotated_assembly_genomic.fna","GCF_900112645.1_IMG-taxon_2663762767_annotated_assembly_genomic","Pseudomonas (5)",182,833,312,1,831,1,0,0,0,99.68,0.08,0,"Pseudomonas straminea strain JCM 2783, whole genome shotgun sequence","NZ_FOMO01000020.1","pseudomonas_straminea","REFSEQ",154,"154_FOMO01000020",21,21,19,17,16,15,4992198,4992198,4987715,4974014,4958417,4909617,21,926042,4992198,548417,217057,4,7,3.91,"straminea","FOMO01000020","straminea"
"145","GCF_900113745.1_IMG-taxon_2667527413_annotated_assembly_genomic.fna","GCF_900113745.1_IMG-taxon_2667527413_annotated_assembly_genomic","Pseudomonas (5)",182,833,312,1,821,11,0,0,0,99.68,0.9,9.09,"Pseudomonas guineae strain LMG 24016, whole genome shotgun sequence","NZ_FOQL01000010.1","pseudomonas_guineae","REFSEQ",111,"111_FOQL01000010",10,10,10,9,7,7,4149587,4149587,4149587,4144337,4105532,4105532,10,1979549,4149587,579936,556228,2,3,3.86,"guineae","FOQL01000010","guineae"
"146","GCF_900113905.1_IMG-taxon_2671180085_annotated_assembly_genomic.fna","GCF_900113905.1_IMG-taxon_2671180085_annotated_assembly_genomic","Pseudomonas (5)",182,833,312,0,827,6,0,0,0,100,0.49,0,"Pseudomonas argentinensis strain LMG 22563, whole genome shotgun sequence","NZ_FORC01000015.1","pseudomonas_argentinensis","REFSEQ",144,"144_FORC01000015",15,15,10,10,9,7,5108022,5108022,5096401,5096401,5080112,4986184,15,1881468,5108022,1308850,706881,2,3,10.18,"argentinensis","FORC01000015","argentinensis"
"147","GCF_900114065.1_IMG-taxon_2663763606_annotated_assembly_genomic.fna","GCF_900114065.1_IMG-taxon_2663763606_annotated_assembly_genomic","Pseudomonas (5)",182,833,312,2,825,6,0,0,0,99.36,0.84,0,"Pseudomonas kunmingensis strain DSM 25974, whole genome shotgun sequence","NZ_FORS01000031.1","pseudomonas_kunmingensis","REFSEQ",81,"81_FORS01000031",33,33,26,22,18,14,4654543,4654543,4642575,4607841,4551142,4396429,33,889916,4654543,480906,240698,4,7,6.02,"kunmingensis","FORS01000031","kunmingensis"
"148","GCF_900114765.1_IMG-taxon_2663763599_annotated_assembly_genomic.fna","GCF_900114765.1_IMG-taxon_2663763599_annotated_assembly_genomic","Pseudomonas (5)",182,833,312,45,774,14,0,0,0,92.5,1.6,0,"Pseudomonas pachastrellae strain JCM 12285, whole genome shotgun sequence","NZ_FOUD01000055.1","pseudomonas_pachastrellae","REFSEQ",129,"129_FOUD01000055",55,55,41,34,29,25,3934694,3934694,3899717,3850576,3786024,3643347,55,326956,3934694,153272,115222,10,17,34.28,"pachastrellae","FOUD01000055","pachastrellae"
"149","GCF_900114825.1_IMG-taxon_2663762769_annotated_assembly_genomic.fna","GCF_900114825.1_IMG-taxon_2663762769_annotated_assembly_genomic","Pseudomonas (5)",182,833,312,66,755,12,0,0,0,88.48,1.34,0,"Pseudomonas yangmingensis strain DSM 24213, whole genome shotgun sequence","NZ_FOUI01000047.1","pseudomonas_yangmingensis","REFSEQ",142,"142_FOUI01000047",47,47,30,26,20,18,3141501,3141501,3105965,3077437,2983178,2913074,47,457066,3141501,168739,104244,6,12,26.64,"yangmingensis","FOUI01000047","yangmingensis"
"150","GCF_900115475.1_IMG-taxon_2663762774_annotated_assembly_genomic.fna","GCF_900115475.1_IMG-taxon_2663762774_annotated_assembly_genomic","Pseudomonas (5)",182,833,312,1,826,6,0,0,0,99.84,0.71,0,"Pseudomonas composti strain CCUG 59231, whole genome shotgun sequence","NZ_FOWP01000027.1","pseudomonas_composti","REFSEQ",136,"136_FOWP01000027",28,28,24,24,22,20,5392494,5392494,5381627,5381627,5352838,5267512,28,841801,5392494,425534,197756,5,11,38.2,"composti","FOWP01000027","composti"
"151","GCF_900115555.1_IMG-taxon_2671180032_annotated_assembly_genomic.fna","GCF_900115555.1_IMG-taxon_2671180032_annotated_assembly_genomic","Pseudomonas (5)",182,833,312,4,821,7,1,0,0,98.99,1.2,10,"Pseudomonas borbori strain DSM 17834, whole genome shotgun sequence","NZ_FOWX01000096.1","pseudomonas_borbori","REFSEQ",112,"112_FOWX01000096",96,96,73,61,45,35,5270473,5270473,5205826,5120186,4874442,4545050,96,298140,5270473,159007,85050,13,26,48.67,"borbori","FOWX01000096","borbori"
"152","GCF_900115695.1_IMG-taxon_2663762766_annotated_assembly_genomic.fna","GCF_900115695.1_IMG-taxon_2663762766_annotated_assembly_genomic","Pseudomonas (5)",182,833,312,2,829,2,0,0,0,99.78,0.11,0,"Pseudomonas toyotomiensis strain JCM 15604, whole genome shotgun sequence","NZ_FOXK01000040.1","pseudomonas_toyotomiensis","REFSEQ",159,"159_FOXK01000040",41,41,26,21,20,16,5489814,5489814,5457439,5428595,5412790,5241615,41,645558,5489814,444280,296245,5,9,0.18,"toyotomiensis","FOXK01000040","toyotomiensis"
"153","GCF_900115715.1_IMG-taxon_2663762798_annotated_assembly_genomic.fna","GCF_900115715.1_IMG-taxon_2663762798_annotated_assembly_genomic","Pseudomonas (5)",182,833,312,21,799,12,0,1,0,95.3,2.58,11.11,"Pseudomonas sagittaria strain JCM 18195, whole genome shotgun sequence","NZ_FOXM01000043.1","pseudomonas_sagittaria","REFSEQ",103,"103_FOXM01000043",44,44,35,33,30,20,4607575,4607575,4586553,4571410,4522717,4146845,44,464453,4607575,208187,128937,7,13,7.27,"sagittaria","FOXM01000043","sagittaria"
"154","GCF_900115905.1_IMG-taxon_2663762775_annotated_assembly_genomic.fna","GCF_900115905.1_IMG-taxon_2663762775_annotated_assembly_genomic","Pseudomonas (5)",182,833,312,59,760,14,0,0,0,89.83,1.58,0,"Pseudomonas formosensis strain JCM 18415, whole genome shotgun sequence","NZ_FOYD01000028.1","pseudomonas_formosensis","REFSEQ",48,"48_FOYD01000028",28,28,22,21,18,16,3443471,3443471,3430331,3420774,3378793,3285179,28,673023,3443471,287163,157852,4,8,104.02,"formosensis","FOYD01000028","formosensis"
"155","GCF_900116605.1_IMG-taxon_2663763603_annotated_assembly_genomic.fna","GCF_900116605.1_IMG-taxon_2663763603_annotated_assembly_genomic","Pseudomonas (5)",182,833,312,3,826,4,0,0,0,99.36,0.37,0,"Pseudomonas marincola strain JCM 14761, whole genome shotgun sequence","NZ_FPBC01000030.1","pseudomonas_marincola","REFSEQ",59,"59_FPBC01000030",33,33,29,27,24,22,5020984,5020984,5014163,5000456,4944254,4886796,33,973986,5020984,331565,154918,6,11,7.77,"marincola","FPBC01000030","marincola"
"156","GCF_900141925.1_IMG-taxon_2663762797_annotated_assembly_genomic.fna","GCF_900141925.1_IMG-taxon_2663762797_annotated_assembly_genomic","Pseudomonas (5)",182,833,312,7,822,4,0,0,0,99.2,1.04,0,"Pseudomonas zeshuii strain KACC 15471, whole genome shotgun sequence","NZ_FQYS01000033.1","pseudomonas_zeshuii","REFSEQ",46,"46_FQYS01000033",33,33,30,30,27,22,5339831,5339831,5331643,5331643,5288888,5115516,33,690911,5339831,262608,170232,6,12,16.76,"zeshuii","FQYS01000033","zeshuii"
"157","GCF_900142655.1_IMG-taxon_2671180065_annotated_assembly_genomic.fna","GCF_900142655.1_IMG-taxon_2671180065_annotated_assembly_genomic","Pseudomonas (5)",182,833,312,0,829,4,0,0,0,100,0.31,0,"Pseudomonas punonensis strain CECT 8089, whole genome shotgun sequence","NZ_FRBQ01000019.1","pseudomonas_punonensis","REFSEQ",39,"39_FRBQ01000019",20,20,18,17,16,15,4809638,4809638,4805025,4799325,4783761,4736692,20,1476884,4809638,594113,222854,3,7,26.72,"punonensis","FRBQ01000019","punonensis"
"158","GCF_900143095.1_IMG-taxon_2663762795_annotated_assembly_genomic.fna","GCF_900143095.1_IMG-taxon_2663762795_annotated_assembly_genomic","Pseudomonas (5)",182,833,312,0,830,3,0,0,0,100,0.25,0,"Pseudomonas asturiensis strain LMG 26898, whole genome shotgun sequence","NZ_FRDA01000042.1","pseudomonas_asturiensis","REFSEQ",5,"5_FRDA01000042",42,42,34,31,30,26,6174096,6174096,6154049,6131650,6109998,5958419,42,679903,6174096,320220,157409,7,14,110.64,"asturiensis","FRDA01000042","asturiensis"
"159","GCF_900188155.1_IMG-taxon_2671180091_annotated_assembly_genomic.fna","GCF_900188155.1_IMG-taxon_2671180091_annotated_assembly_genomic","Pseudomonas (5)",182,833,312,3,826,4,0,0,0,99.63,0.29,0,"Pseudomonas segetis strain CIP 108523, whole genome shotgun sequence","NZ_FZOG01000016.1","pseudomonas_segetis","REFSEQ",108,"108_FZOG01000016",16,16,12,11,10,10,4725422,4725422,4715921,4705978,4690462,4690462,16,1281898,4725422,1179970,320967,2,5,46.03,"segetis","FZOG01000016","segetis"
"160","GCF_900188285.1_IMG-taxon_2671180175_annotated_assembly_genomic.fna","GCF_900188285.1_IMG-taxon_2671180175_annotated_assembly_genomic","Pseudomonas (5)",182,833,312,1,825,7,0,0,0,99.98,1.47,0,"Pseudomonas nitroreducens strain LMG 21614, whole genome shotgun sequence","NZ_FZOM01000015.1","pseudomonas_nitroreducens","REFSEQ",156,"156_FZOM01000015",16,16,13,13,12,12,6133138,6133138,6127499,6127499,6111647,6111647,16,1647563,6133138,855338,518113,3,5,37.37,"nitroreducens","FZOM01000015","nitroreducens"
"161","GCF_900215245.1_IMG-taxon_2617270901_annotated_assembly_genomic.fna","GCF_900215245.1_IMG-taxon_2617270901_annotated_assembly_genomic","Pseudomonas (5)",182,833,312,0,827,6,0,0,0,100,0.85,0,"Pseudomonas fluorescens strain ATCC 13525 genome assembly, chromosome: I","NZ_LT907842.1","pseudomonas_fluorescens","REFSEQ",60,"60_LT907842",1,1,1,1,1,1,6511547,6511547,6511547,6511547,6511547,6511547,1,6511547,6511547,6511547,6511547,1,1,1.54,"fluorescens","LT907842","fluorescens"
