description,filename,id,refseqSpecies,source,species_code,cleaned_filename,contigs_greater_0_bp,contigs_greater_1000_bp,contigs_greater_5000_bp,contigs_greater_10000_bp,contigs_greater_25000_bp,contigs_greater_50000_bp,total_length_greater_0_bp,total_length_greater_1000_bp,total_length_greater_5000_bp,total_length_greater_10000_bp,total_length_greater_25000_bp,total_length_greater_50000_bp,total_contigs,largest_contig,total_length,N50,N75,L50,L75,number_Ns_per_100_kbp,species,genID,speciesID
"Pseudomonas frederiksbergensis strain LMG 19851, whole genome shotgun sequence",GCF_900105495.1_IMG-taxon_2636416079_annotated_assembly_genomic.fna,NZ_FNTF01000002.1,pseudomonas_frederiksbergensis,REFSEQ,0,0_FNTF01000002,2,2,2,2,2,2,6394336,6394336,6394336,6394336,6394336,6394336,2,6302433,6394336,6302433,6302433,1,1,0.0,frederiksbergensis,FNTF01000002,frederiksbergensis
"Pseudomonas aeruginosa PAO1, complete genome",GCF_000006765.1_ASM676v1_genomic.fna,NC_002516.2,pseudomonas_aeruginosa,REFSEQ,1,1_002516,1,1,1,1,1,1,6264404,6264404,6264404,6264404,6264404,6264404,1,6264404,6264404,6264404,6264404,1,1,0.0,aeruginosa,002516,aeruginosa
"Pseudomonas helmanticensis strain BIGb0525 Ga0304788_101, whole genome shotgun sequence",GCF_004365765.1_ASM436576v1_genomic.fna,NZ_SOCQ01000001.1,pseudomonas_helmanticensis,REFSEQ,2,2_SOCQ01000001,42,42,36,34,34,30,6628093,6628093,6616074,6600510,6600510,6416090,42,632583,6628093,240891,159603,10,18,1.43,helmanticensis,SOCQ01000001,helmanticensis
Pseudomonas knackmussii B13 complete genome,GCF_000689415.1_PKB13_genomic.fna,NZ_HG322950.1,pseudomonas_knackmussii,REFSEQ,3,3_HG322950,1,1,1,1,1,1,6162905,6162905,6162905,6162905,6162905,6162905,1,6162905,6162905,6162905,6162905,1,1,0.0,knackmussii,HG322950,knackmussii
"Pseudomonas aestusnigri strain VGXO14 scaffold00001, whole genome shotgun sequence",GCF_002197985.1_ASM219798v1_genomic.fna,NZ_NBYK01000001.1,pseudomonas_aestusnigri,REFSEQ,4,4_NBYK01000001,30,30,29,23,21,17,3829769,3829769,3827356,3781955,3742671,3605895,30,867618,3829769,316895,132902,4,10,337.44,aestusnigri,NBYK01000001,aestusnigri
"Pseudomonas asturiensis strain LMG 26898, whole genome shotgun sequence",GCF_900143095.1_IMG-taxon_2663762795_annotated_assembly_genomic.fna,NZ_FRDA01000042.1,pseudomonas_asturiensis,REFSEQ,5,5_FRDA01000042,42,42,34,31,30,26,6174096,6174096,6154049,6131650,6109998,5958419,42,679903,6174096,320220,157409,7,14,110.64,asturiensis,FRDA01000042,asturiensis
"Pseudomonas extremaustralis strain DSM 17835 genome assembly, chromosome: I",GCF_900102035.1_IMG-taxon_2667527225_annotated_assembly_genomic.fna,NZ_LT629689.1,pseudomonas_extremaustralis,REFSEQ,6,6_LT629689,1,1,1,1,1,1,6674429,6674429,6674429,6674429,6674429,6674429,1,6674429,6674429,6674429,6674429,1,1,1.5,extremaustralis,LT629689,extremaustralis
"Pseudomonas guariconensis strain LMG 27394, whole genome shotgun sequence",GCF_900102675.1_IMG-taxon_2663763604_annotated_assembly_genomic.fna,NZ_FMYX01000029.1,pseudomonas_guariconensis,REFSEQ,7,7_FMYX01000029,29,29,25,23,19,18,5079034,5079034,5070153,5056948,5001963,4968382,29,657213,5079034,313298,221885,6,10,3.15,guariconensis,FMYX01000029,guariconensis
"Pseudomonas vranovensis DSM 16006 H621DRAFT_scaffold00001.1_C, whole genome shotgun sequence",GCF_000425805.1_ASM42580v1_genomic.fna,NZ_AUED01000001.1,pseudomonas_vranovensis,REFSEQ,8,8_AUED01000001,36,36,30,29,24,19,5697807,5697807,5687282,5677827,5602490,5426026,36,769681,5697807,325087,223858,6,11,26.5,vranovensis,AUED01000001,vranovensis
"Pseudomonas cuatrocienegasensis strain CIP 109853, whole genome shotgun sequence",GCF_900110925.1_IMG-taxon_2663763600_annotated_assembly_genomic.fna,NZ_FOFP01000048.1,pseudomonas_cuatrocienegasensis,REFSEQ,9,9_FOFP01000048,50,50,41,35,31,24,5358739,5358739,5335788,5290950,5232425,4956399,50,604798,5358739,246774,142711,7,15,190.83,cuatrocienegasensis,FOFP01000048,cuatrocienegasensis
"Pseudomonas simiae strain CCUG 50988, whole genome shotgun sequence",GCF_900111895.1_IMG-taxon_2663762772_annotated_assembly_genomic.fna,NZ_FOKB01000023.1,pseudomonas_simiae,REFSEQ,10,10_FOKB01000023,23,23,18,18,16,16,6239853,6239853,6227195,6227195,6203609,6203609,23,1238362,6239853,750639,330815,4,7,53.69,simiae,FOKB01000023,simiae
Pseudomonas brassicacearum strain LMG 21623 chromosome I,GCF_900103245.1_IMG-taxon_2639762602_annotated_assembly_genomic.fna,NZ_LT629713.1,pseudomonas_brassicacearum,REFSEQ,11,11_LT629713,1,1,1,1,1,1,6776659,6776659,6776659,6776659,6776659,6776659,1,6776659,6776659,6776659,6776659,1,1,1.48,brassicacearum,LT629713,brassicacearum
"Pseudomonas litoralis strain 2SM5 genome assembly, chromosome: I",GCF_900105005.1_IMG-taxon_2667527220_annotated_assembly_genomic.fna,NZ_LT629748.1,pseudomonas_litoralis,REFSEQ,12,12_LT629748,1,1,1,1,1,1,3987942,3987942,3987942,3987942,3987942,3987942,1,3987942,3987942,3987942,3987942,1,1,2.51,litoralis,LT629748,litoralis
"Pseudomonas abietaniphila strain KF717, whole genome shotgun sequence",GCF_000876035.1_ASM87603v1_genomic.fna,NZ_BBQR01000097.1,pseudomonas_abietaniphila,REFSEQ,13,13_BBQR01000097,97,83,68,61,51,33,6930016,6920371,6889091,6835594,6682270,5993272,97,646743,6930016,207988,119972,12,23,0.0,abietaniphila,BBQR01000097,abietaniphila
"Pseudomonas synxantha strain LMG 2190 genome assembly, chromosome: I",GCF_900105675.1_IMG-taxon_2667527385_annotated_assembly_genomic.fna,NZ_LT629786.1,pseudomonas_synxantha,REFSEQ,14,14_LT629786,1,1,1,1,1,1,6842016,6842016,6842016,6842016,6842016,6842016,1,6842016,6842016,6842016,6842016,1,1,1.46,synxantha,LT629786,synxantha
"Pseudomonas lutea strain DSM 17257 Contig001, whole genome shotgun sequence",GCF_000759445.1_ASM75944v1_genomic.fna,NZ_JRMB01000001.1,pseudomonas_lutea,REFSEQ,15,15_JRMB01000001,5,5,5,5,5,5,5647497,5647497,5647497,5647497,5647497,5647497,5,2839280,5647497,2839280,1930416,1,2,0.0,lutea,JRMB01000001,lutea
"Pseudomonas viridiflava strain ICMP 2848 PvrICMP2848_Contig_1, whole genome shotgun sequence",GCF_001401215.1_PvrICMP2848_genomic.fna,NZ_LJRS01000098.1,pseudomonas_viridiflava,REFSEQ,16,16_LJRS01000098,254,219,177,143,82,29,5902031,5885911,5773413,5524642,4515531,2557962,232,168041,5894289,45266,26922,38,79,20.46,viridiflava,LJRS01000098,viridiflava
"Pseudomonas congelans strain DSM 14939, whole genome shotgun sequence",GCF_900103225.1_IMG-taxon_2663762773_annotated_assembly_genomic.fna,NZ_FNJH01000010.1,pseudomonas_congelans,REFSEQ,17,17_FNJH01000010,23,23,19,17,14,13,5737059,5737059,5727838,5708524,5659170,5622610,23,1636184,5737059,740022,329263,3,6,88.46,congelans,FNJH01000010,congelans
"Pseudomonas meliae strain ICMP 6289 PmlICMP6289_Contig_1, whole genome shotgun sequence",GCF_001400515.1_PmlICMP6289_genomic.fna,NZ_LJQT01000414.1,pseudomonas_meliae,REFSEQ,18,18_LJQT01000414,504,378,236,165,71,11,5097969,5033649,4663886,4132470,2641260,627282,435,66928,5075866,25708,12435,67,137,90.45,meliae,LJQT01000414,meliae
"Pseudomonas flavescens strain LMG 18387, whole genome shotgun sequence",GCF_900100535.1_IMG-taxon_2663762794_annotated_assembly_genomic.fna,NZ_FNDG01000051.1,pseudomonas_flavescens,REFSEQ,19,19_FNDG01000051,51,51,44,38,35,31,5855660,5855660,5841269,5800056,5743339,5573575,51,447237,5855660,207737,125133,9,18,4.7,flavescens,FNDG01000051,flavescens
"Pseudomonas savastanoi strain 4352 Psv4352_Scaffold004, whole genome shotgun sequence",GCF_001293725.1_Psv4352_genomic.fna,NZ_LGKR01000034.1,pseudomonas_savastanoi,REFSEQ,20,20_LGKR01000034,121,107,83,64,52,34,6057669,6050557,5988103,5841420,5656241,5004778,113,397303,6055070,171697,60666,11,26,1556.08,savastanoi,LGKR01000034,savastanoi
"Pseudomonas indica strain JCM 21544, whole genome shotgun sequence",GCF_900100285.1_IMG-taxon_2663762782_annotated_assembly_genomic.fna,NZ_FNFD01000061.1,pseudomonas_indica,REFSEQ,21,21_FNFD01000061,64,64,53,49,40,32,5786922,5786922,5766529,5742378,5596425,5298825,64,633505,5786922,192612,92639,9,19,39.0,indica,FNFD01000061,indica
Pseudomonas guangdongensis strain CCTCC AB 2012022 chromosome I,GCF_900105885.1_IMG-taxon_2667527223_annotated_assembly_genomic.fna,NZ_LT629780.1,pseudomonas_guangdongensis,REFSEQ,22,22_LT629780,1,1,1,1,1,1,3191154,3191154,3191154,3191154,3191154,3191154,1,3191154,3191154,3191154,3191154,1,1,3.13,guangdongensis,LT629780,guangdongensis
"Pseudomonas fragi strain NRRL B-727 genome assembly, chromosome: I",GCF_900105835.1_IMG-taxon_2667527431_annotated_assembly_genomic.fna,NZ_LT629783.1,pseudomonas_fragi,REFSEQ,23,23_LT629783,1,1,1,1,1,1,5072304,5072304,5072304,5072304,5072304,5072304,1,5072304,5072304,5072304,5072304,1,1,1.97,fragi,LT629783,fragi
"Pseudomonas baetica strain LMG 25716 Ga0070643_11, whole genome shotgun sequence",GCF_002813455.1_ASM281345v1_genomic.fna,NZ_PHHE01000001.1,pseudomonas_baetica,REFSEQ,24,24_PHHE01000001,1,1,1,1,1,1,6902809,6902809,6902809,6902809,6902809,6902809,1,6902809,6902809,6902809,6902809,1,1,0.0,baetica,PHHE01000001,baetica
Pseudomonas libanensis strain DSM 17149 chromosome I,GCF_900101035.1_IMG-taxon_2636416169_annotated_assembly_genomic.fna,NZ_LT629699.1,pseudomonas_libanensis,REFSEQ,25,25_LT629699,1,1,1,1,1,1,6263198,6263198,6263198,6263198,6263198,6263198,1,6263198,6263198,6263198,6263198,1,1,1.6,libanensis,LT629699,libanensis
"Pseudomonas granadensis strain LMG 27940 genome assembly, chromosome: I",GCF_900105485.1_IMG-taxon_2667527397_annotated_assembly_genomic.fna,NZ_LT629778.1,pseudomonas_granadensis,REFSEQ,26,26_LT629778,1,1,1,1,1,1,5943170,5943170,5943170,5943170,5943170,5943170,1,5943170,5943170,5943170,5943170,1,1,1.68,granadensis,LT629778,granadensis
"Pseudomonas antarctica strain PAMC 27494 chromosome, complete genome",GCF_001647715.1_ASM164771v1_genomic.fna,NZ_CP015600.1,pseudomonas_antarctica,REFSEQ,27,27_CP015600,3,3,3,3,3,2,6607040,6607040,6607040,6607040,6607040,6576924,3,6441449,6607040,6441449,6441449,1,1,0.0,antarctica,CP015600,antarctica
"Pseudomonas xinjiangensis strain NRRL B-51270 genome assembly, chromosome: I",GCF_900104945.1_IMG-taxon_2667527388_annotated_assembly_genomic.fna,NZ_LT629736.1,pseudomonas_xinjiangensis,REFSEQ,28,28_LT629736,1,1,1,1,1,1,3537092,3537092,3537092,3537092,3537092,3537092,1,3537092,3537092,3537092,3537092,1,1,2.83,xinjiangensis,LT629736,xinjiangensis
"Pseudomonas chlororaphis subsp. chlororaphis strain ATCC 9446 Pseudomonas_chlororaphis_0.0.0.1001571, whole genome shotgun sequence",GCF_002095925.1_ASM209592v1_genomic.fna,NZ_NBAT01000012.1,pseudomonas_chlororaphis,REFSEQ,29,29_NBAT01000012,35,29,27,24,20,19,6783030,6779716,6775570,6754191,6693434,6657553,31,1001572,6781322,472445,303713,5,9,0.0,chlororaphis,NBAT01000012,chlororaphis
"Pseudomonas arsenicoxydans strain CECT 7543 genome assembly, chromosome: I",GCF_900103875.1_IMG-taxon_2636416065_annotated_assembly_genomic.fna,NZ_LT629705.1,pseudomonas_arsenicoxydans,REFSEQ,30,30_LT629705,1,1,1,1,1,1,6502978,6502978,6502978,6502978,6502978,6502978,1,6502978,6502978,6502978,6502978,1,1,1.54,arsenicoxydans,LT629705,arsenicoxydans
"Pseudomonas psychrotolerans strain DSM 15758, whole genome shotgun sequence",GCF_900102665.1_IMG-taxon_2663763601_annotated_assembly_genomic.fna,NZ_FMWB01000058.1,pseudomonas_psychrotolerans,REFSEQ,31,31_FMWB01000058,61,61,49,44,31,24,5731800,5731800,5708601,5672343,5446769,5129287,61,652501,5731800,304226,117837,7,15,16.84,psychrotolerans,FMWB01000058,psychrotolerans
"Pseudomonas helleri strain DSM 29165 10_220866_45.2889, whole genome shotgun sequence",GCF_001043025.1_MG221_genomic.fna,NZ_JYLD01000010.1,pseudomonas_helleri,REFSEQ,32,32_JYLD01000010,37,36,30,28,25,23,5676287,5675733,5664106,5649589,5606432,5521271,37,623802,5676287,336668,166604,6,12,0.0,helleri,JYLD01000010,helleri
"Pseudomonas chloritidismutans AW-1 Scaffold_10_Contig_1, whole genome shotgun sequence",GCF_000495915.1_PseChl_genomic.fna,NZ_AOFQ01000001.1,pseudomonas_chloritidismutans,REFSEQ,33,33_AOFQ01000001,77,76,74,68,61,40,5056349,5055464,5049237,5007688,4898260,4096247,77,221301,5056349,103970,58772,18,35,0.0,chloritidismutans,AOFQ01000001,chloritidismutans
"Pseudomonas japonica NBRC 103040 = DSM 22348 strain NBRC 103040, whole genome shotgun sequence",GCF_000730585.1_ASM73058v1_genomic.fna,NZ_BBIR01000162.1,pseudomonas_japonica,REFSEQ,34,34_BBIR01000162,162,158,142,114,72,38,6663130,6660064,6618527,6400727,5728871,4556132,162,311301,6663130,88070,37512,19,49,0.0,japonica,BBIR01000162,japonica
Pseudomonas poae strain LMG 21465 chromosome I,GCF_900103965.1_IMG-taxon_2639762637_annotated_assembly_genomic.fna,NZ_LT629706.1,pseudomonas_poae,REFSEQ,35,35_LT629706,1,1,1,1,1,1,5950238,5950238,5950238,5950238,5950238,5950238,1,5950238,5950238,5950238,5950238,1,1,1.68,poae,LT629706,poae
"Pseudomonas salomonii strain ICMP 14252, whole genome shotgun sequence",GCF_900107155.1_IMG-taxon_2663763605_annotated_assembly_genomic.fna,NZ_FNOX01000039.1,pseudomonas_salomonii,REFSEQ,36,36_FNOX01000039,39,39,30,29,26,22,6954378,6954378,6932770,6925166,6859559,6712192,39,871456,6954378,447140,259510,6,11,73.26,salomonii,FNOX01000039,salomonii
"Pseudomonas mohnii strain DSM 18327, whole genome shotgun sequence",GCF_900105115.1_IMG-taxon_2667527224_annotated_assembly_genomic.fna,NZ_FNRV01000002.1,pseudomonas_mohnii,REFSEQ,37,37_FNRV01000002,2,2,2,2,2,2,6592588,6592588,6592588,6592588,6592588,6592588,2,6476037,6592588,6476037,6476037,1,1,0.0,mohnii,FNRV01000002,mohnii
"Pseudomonas chengduensis strain DSM 26382, whole genome shotgun sequence",GCF_900102635.1_IMG-taxon_2663762777_annotated_assembly_genomic.fna,NZ_FMZQ01000043.1,pseudomonas_chengduensis,REFSEQ,38,38_FMZQ01000043,43,43,34,34,26,24,5413065,5413065,5394597,5394597,5279227,5215098,43,1013045,5413065,248272,198995,7,13,15.26,chengduensis,FMZQ01000043,chengduensis
"Pseudomonas punonensis strain CECT 8089, whole genome shotgun sequence",GCF_900142655.1_IMG-taxon_2671180065_annotated_assembly_genomic.fna,NZ_FRBQ01000019.1,pseudomonas_punonensis,REFSEQ,39,39_FRBQ01000019,20,20,18,17,16,15,4809638,4809638,4805025,4799325,4783761,4736692,20,1476884,4809638,594113,222854,3,7,26.72,punonensis,FRBQ01000019,punonensis
"Pseudomonas delhiensis strain CCM 7361, whole genome shotgun sequence",GCF_900099945.1_IMG-taxon_2671180033_annotated_assembly_genomic.fna,NZ_FNEC01000101.1,pseudomonas_delhiensis,REFSEQ,40,40_FNEC01000101,101,101,86,78,68,45,6710571,6710571,6676480,6620398,6454795,5580829,101,295316,6710571,125662,64099,18,36,49.09,delhiensis,FNEC01000101,delhiensis
"Pseudomonas graminis strain DSM 11363, whole genome shotgun sequence",GCF_900111735.1_IMG-taxon_2671180035_annotated_assembly_genomic.fna,NZ_FOHW01000098.1,pseudomonas_graminis,REFSEQ,41,41_FOHW01000098,98,98,76,68,55,37,5852045,5852045,5803901,5743641,5520122,4867495,98,398862,5852045,130494,68969,15,30,112.11,graminis,FOHW01000098,graminis
"Pseudomonas weihenstephanensis strain DSM 29166 10_154467_40.591, whole genome shotgun sequence",GCF_001043055.1_MG339_genomic.fna,NZ_JYLF01000010.1,pseudomonas_weihenstephanensis,REFSEQ,42,42_JYLF01000010,32,24,16,15,13,13,4792107,4786022,4770225,4764426,4738763,4738763,32,855826,4792107,571018,258145,4,7,0.0,weihenstephanensis,JYLF01000010,weihenstephanensis
Pseudomonas lini strain DSM 16768 chromosome I,GCF_900104735.1_IMG-taxon_2636416176_annotated_assembly_genomic.fna,NZ_LT629746.1,pseudomonas_lini,REFSEQ,43,43_LT629746,1,1,1,1,1,1,6529836,6529836,6529836,6529836,6529836,6529836,1,6529836,6529836,6529836,6529836,1,1,1.53,lini,LT629746,lini
"Pseudomonas hussainii strain JCM 19513, whole genome shotgun sequence",GCF_900109735.1_IMG-taxon_2663763602_annotated_assembly_genomic.fna,NZ_FOAS01000045.1,pseudomonas_hussainii,REFSEQ,44,44_FOAS01000045,45,45,31,27,22,21,3682314,3682314,3659339,3634285,3551178,3523166,45,359612,3682314,215245,157754,7,12,42.53,hussainii,FOAS01000045,hussainii
"Pseudomonas resinovorans DSM 21078 G559DRAFT_scaffold00001.1_C, whole genome shotgun sequence",GCF_000423545.1_ASM42354v1_genomic.fna,NZ_AUIE01000001.1,pseudomonas_resinovorans,REFSEQ,45,45_AUIE01000001,53,53,47,47,36,32,6027681,6027681,6012926,6012926,5818090,5669840,53,564385,6027681,197842,121283,10,20,63.13,resinovorans,AUIE01000001,resinovorans
"Pseudomonas zeshuii strain KACC 15471, whole genome shotgun sequence",GCF_900141925.1_IMG-taxon_2663762797_annotated_assembly_genomic.fna,NZ_FQYS01000033.1,pseudomonas_zeshuii,REFSEQ,46,46_FQYS01000033,33,33,30,30,27,22,5339831,5339831,5331643,5331643,5288888,5115516,33,690911,5339831,262608,170232,6,12,16.76,zeshuii,FQYS01000033,zeshuii
"Pseudomonas tolaasii NCPPB 2192 Ga0070648_11, whole genome shotgun sequence",GCF_002813445.1_ASM281344v1_genomic.fna,NZ_PHHD01000001.1,pseudomonas_tolaasii,REFSEQ,47,47_PHHD01000001,1,1,1,1,1,1,6792797,6792797,6792797,6792797,6792797,6792797,1,6792797,6792797,6792797,6792797,1,1,0.0,tolaasii,PHHD01000001,tolaasii
"Pseudomonas formosensis strain JCM 18415, whole genome shotgun sequence",GCF_900115905.1_IMG-taxon_2663762775_annotated_assembly_genomic.fna,NZ_FOYD01000028.1,pseudomonas_formosensis,REFSEQ,48,48_FOYD01000028,28,28,22,21,18,16,3443471,3443471,3430331,3420774,3378793,3285179,28,673023,3443471,287163,157852,4,8,104.02,formosensis,FOYD01000028,formosensis
"Pseudomonas xanthomarina strain LMG 23572 genome assembly, chromosome: I",GCF_900108535.1_IMG-taxon_2675902960_annotated_assembly_genomic.fna,NZ_LT629970.1,pseudomonas_xanthomarina,REFSEQ,49,49_LT629970,1,1,1,1,1,1,4332289,4332289,4332289,4332289,4332289,4332289,1,4332289,4332289,4332289,4332289,1,1,2.31,xanthomarina,LT629970,xanthomarina
"Pseudomonas amygdali pv. lachrymans strain NM002 chromosome, complete genome",GCF_002068135.1_ASM206813v1_genomic.fna,NZ_CP020351.1,pseudomonas_amygdali,REFSEQ,50,50_CP020351,1,1,1,1,1,1,6009235,6009235,6009235,6009235,6009235,6009235,1,6009235,6009235,6009235,6009235,1,1,0.0,amygdali,CP020351,amygdali
"Pseudomonas caricapapayae strain ICMP 2855 PcaICMP2855_Contig_1, whole genome shotgun sequence",GCF_001400735.1_PcaICMP2855_genomic.fna,NZ_LJPW01000012.1,pseudomonas_caricapapayae,REFSEQ,51,51_LJPW01000012,193,159,131,113,76,45,6257670,6244177,6171865,6034587,5414214,4335239,169,227563,6250381,78662,40649,26,53,2.45,caricapapayae,LJPW01000012,caricapapayae
"Pseudomonas bauzanensis strain DSM 22558, whole genome shotgun sequence",GCF_900111225.1_IMG-taxon_2671180106_annotated_assembly_genomic.fna,NZ_FOGN01000015.1,pseudomonas_bauzanensis,REFSEQ,52,52_FOGN01000015,16,16,13,12,11,10,3542729,3542729,3534157,3524443,3508700,3459147,16,1379517,3542729,414199,302805,2,5,41.66,bauzanensis,FOGN01000015,bauzanensis
Pseudomonas rhodesiae strain LMG 17764 chromosome I,GCF_900105575.1_IMG-taxon_2639763190_annotated_assembly_genomic.fna,NZ_LT629801.1,pseudomonas_rhodesiae,REFSEQ,53,53_LT629801,1,1,1,1,1,1,6417799,6417799,6417799,6417799,6417799,6417799,1,6417799,6417799,6417799,6417799,1,1,1.56,rhodesiae,LT629801,rhodesiae
"Pseudomonas kuykendallii strain NRRL B-59562, whole genome shotgun sequence",GCF_900106975.1_IMG-taxon_2671180037_annotated_assembly_genomic.fna,NZ_FNNU01000015.1,pseudomonas_kuykendallii,REFSEQ,54,54_FNNU01000015,15,15,14,11,10,9,4690373,4690373,4687243,4668932,4653199,4627062,15,1112858,4690373,700257,445240,3,5,13.96,kuykendallii,FNNU01000015,kuykendallii
"Pseudomonas azotifigens DSM 17556 H610DRAFT_scaffold00001.1, whole genome shotgun sequence",GCF_000425625.1_ASM42562v1_genomic.fna,NZ_KE384407.1,pseudomonas_azotifigens,REFSEQ,55,55_KE384407,59,59,55,52,40,32,5017423,5017423,5009091,4989361,4787299,4500398,59,420612,5017423,171594,84523,11,21,398.59,azotifigens,KE384407,azotifigens
"Pseudomonas alkylphenolica strain KL28 chromosome, complete genome",GCF_000746525.1_ASM74652v1_genomic.fna,NZ_CP009048.1,pseudomonas_alkylphenolica,REFSEQ,56,56_CP009048,1,1,1,1,1,1,5764622,5764622,5764622,5764622,5764622,5764622,1,5764622,5764622,5764622,5764622,1,1,0.0,alkylphenolica,CP009048,alkylphenolica
Pseudomonas umsongensis strain LMG 21317 chromosome I,GCF_900105285.1_IMG-taxon_2639762618_annotated_assembly_genomic.fna,NZ_LT629767.1,pseudomonas_umsongensis,REFSEQ,57,57_LT629767,1,1,1,1,1,1,6749275,6749275,6749275,6749275,6749275,6749275,1,6749275,6749275,6749275,6749275,1,1,1.48,umsongensis,LT629767,umsongensis
"Pseudomonas otitidis strain DSM 17224, whole genome shotgun sequence",GCF_900111835.1_IMG-taxon_2663762781_annotated_assembly_genomic.fna,NZ_FOJP01000049.1,pseudomonas_otitidis,REFSEQ,58,58_FOJP01000049,50,50,42,40,33,28,6344741,6344741,6328142,6313173,6193542,6000901,50,556124,6344741,271825,185555,10,17,40.84,otitidis,FOJP01000049,otitidis
"Pseudomonas marincola strain JCM 14761, whole genome shotgun sequence",GCF_900116605.1_IMG-taxon_2663763603_annotated_assembly_genomic.fna,NZ_FPBC01000030.1,pseudomonas_marincola,REFSEQ,59,59_FPBC01000030,33,33,29,27,24,22,5020984,5020984,5014163,5000456,4944254,4886796,33,973986,5020984,331565,154918,6,11,7.77,marincola,FPBC01000030,marincola
"Pseudomonas fluorescens strain ATCC 13525 genome assembly, chromosome: I",GCF_900215245.1_IMG-taxon_2617270901_annotated_assembly_genomic.fna,NZ_LT907842.1,pseudomonas_fluorescens,REFSEQ,60,60_LT907842,1,1,1,1,1,1,6511547,6511547,6511547,6511547,6511547,6511547,1,6511547,6511547,6511547,6511547,1,1,1.54,fluorescens,LT907842,fluorescens
"Pseudomonas marginalis strain NCPPB 667, whole genome shotgun sequence",GCF_900105325.1_IMG-taxon_2639762561_annotated_assembly_genomic.fna,NZ_FNSU01000004.1,pseudomonas_marginalis,REFSEQ,61,61_FNSU01000004,4,4,4,4,4,4,7271315,7271315,7271315,7271315,7271315,7271315,4,4577277,7271315,4577277,1550777,1,2,0.0,marginalis,FNSU01000004,marginalis
"Pseudomonas flexibilis strain JCM 14085 PT85_1, whole genome shotgun sequence",GCF_000806415.1_ASM80641v1_genomic.fna,NZ_JTAK01000001.1,pseudomonas_flexibilis,REFSEQ,62,62_JTAK01000001,16,16,11,10,9,9,3748402,3748402,3736984,3731181,3715583,3715583,16,909522,3748402,680030,451025,3,4,0.0,flexibilis,JTAK01000001,flexibilis
"Pseudomonas entomophila L48, complete sequence",GCF_000026105.1_ASM2610v1_genomic.fna,NC_008027.1,pseudomonas_entomophila,REFSEQ,63,63_008027,1,1,1,1,1,1,5888780,5888780,5888780,5888780,5888780,5888780,1,5888780,5888780,5888780,5888780,1,1,0.0,entomophila,008027,entomophila
"Pseudomonas capeferrum strain WCS358 WCS358-Sc1, whole genome shotgun sequence",GCF_000731675.1_ASM73167v1_genomic.fna,NZ_JMIT01000001.1,pseudomonas_capeferrum,REFSEQ,64,64_JMIT01000001,8,8,8,7,6,6,5940443,5940443,5940443,5933998,5917291,5917291,8,2815361,5940443,1147469,980821,2,3,56.65,capeferrum,JMIT01000001,capeferrum
Pseudomonas moraviensis strain LMG 24280 chromosome I,GCF_900105805.1_IMG-taxon_2639762633_annotated_assembly_genomic.fna,NZ_LT629788.1,pseudomonas_moraviensis,REFSEQ,65,65_LT629788,1,1,1,1,1,1,6092541,6092541,6092541,6092541,6092541,6092541,1,6092541,6092541,6092541,6092541,1,1,1.64,moraviensis,LT629788,moraviensis
"Pseudomonas mosselii DSM 17497 Q380DRAFT_scaffold00001.1, whole genome shotgun sequence",GCF_000621225.1_ASM62122v1_genomic.fna,NZ_KK211238.1,pseudomonas_mosselii,REFSEQ,66,66_KK211238,55,55,49,44,36,30,6260844,6260844,6248219,6213719,6077511,5844638,55,633234,6260844,242165,127010,9,18,90.88,mosselii,KK211238,mosselii
"Pseudomonas jinjuensis strain JCM 21621, whole genome shotgun sequence",GCF_900103845.1_IMG-taxon_2663762768_annotated_assembly_genomic.fna,NZ_FNIJ01000031.1,pseudomonas_jinjuensis,REFSEQ,67,67_FNIJ01000031,31,31,28,28,27,27,5868669,5868669,5863950,5863950,5848399,5848399,31,547603,5868669,308266,186054,8,14,20.7,jinjuensis,FNIJ01000031,jinjuensis
"Pseudomonas endophytica strain BSTT44 contig_1, whole genome shotgun sequence",GCF_001411475.1_ASM141147v1_genomic.fna,NZ_LLWH01000001.1,pseudomonas_endophytica,REFSEQ,68,68_LLWH01000001,241,233,177,139,64,18,4973838,4967615,4806147,4524209,3344803,1748937,241,212307,4973838,35704,18789,36,82,0.0,endophytica,LLWH01000001,endophytica
"Pseudomonas taetrolens strain LMG 2336, whole genome shotgun sequence",GCF_900104825.1_IMG-taxon_2639762632_annotated_assembly_genomic.fna,NZ_FNRS01000002.1,pseudomonas_taetrolens,REFSEQ,69,69_FNRS01000002,2,2,2,2,2,2,4936188,4936188,4936188,4936188,4936188,4936188,2,4377246,4936188,4377246,4377246,1,1,0.0,taetrolens,FNRS01000002,taetrolens
"Pseudomonas panacis strain LMG 17761, whole genome shotgun sequence",GCF_900104875.1_IMG-taxon_2642422516_annotated_assembly_genomic.fna,NZ_FNSP01000007.1,pseudomonas_panacis,REFSEQ,70,70_FNSP01000007,7,7,7,7,7,7,6965019,6965019,6965019,6965019,6965019,6965019,7,4354446,6965019,4354446,1080549,1,2,0.0,panacis,FNSP01000007,panacis
Pseudomonas orientalis strain LMG 23660 chromosome I,GCF_900105795.1_IMG-taxon_2636416190_annotated_assembly_genomic.fna,NZ_LT629782.1,pseudomonas_orientalis,REFSEQ,71,71_LT629782,1,1,1,1,1,1,6130232,6130232,6130232,6130232,6130232,6130232,1,6130232,6130232,6130232,6130232,1,1,1.63,orientalis,LT629782,orientalis
"Pseudomonas gessardii strain LMG 21604, whole genome shotgun sequence",GCF_900101185.1_IMG-taxon_2636416191_annotated_assembly_genomic.fna,NZ_FNKR01000003.1,pseudomonas_gessardii,REFSEQ,72,72_FNKR01000003,3,3,3,3,2,2,6695628,6695628,6695628,6695628,6679466,6679466,3,6504198,6695628,6504198,6504198,1,1,0.0,gessardii,FNKR01000003,gessardii
"Pseudomonas saponiphila strain DSM 9751, whole genome shotgun sequence",GCF_900105185.1_IMG-taxon_2667528183_annotated_assembly_genomic.fna,NZ_FNTJ01000004.1,pseudomonas_saponiphila,REFSEQ,73,73_FNTJ01000004,4,4,4,4,4,4,7375852,7375852,7375852,7375852,7375852,7375852,4,4645227,7375852,4645227,2273410,1,2,0.0,saponiphila,FNTJ01000004,saponiphila
"Pseudomonas moorei strain DSM 12647, whole genome shotgun sequence",GCF_900102045.1_IMG-taxon_2639762638_annotated_assembly_genomic.fna,NZ_FNKJ01000003.1,pseudomonas_moorei,REFSEQ,74,74_FNKJ01000003,4,4,4,4,4,4,6546438,6546438,6546438,6546438,6546438,6546438,4,4775887,6546438,4775887,1080839,1,2,0.0,moorei,FNKJ01000003,moorei
"Pseudomonas mandelii strain LMG 21607 genome assembly, chromosome: I",GCF_900106065.1_IMG-taxon_2636416004_annotated_assembly_genomic.fna,NZ_LT629796.1,pseudomonas_mandelii,REFSEQ,75,75_LT629796,1,1,1,1,1,1,7041758,7041758,7041758,7041758,7041758,7041758,1,7041758,7041758,7041758,7041758,1,1,1.42,mandelii,LT629796,mandelii
Pseudomonas trivialis strain LMG 21464 chromosome I,GCF_900104885.1_IMG-taxon_2639762577_annotated_assembly_genomic.fna,NZ_LT629760.1,pseudomonas_trivialis,REFSEQ,76,76_LT629760,1,1,1,1,1,1,5634667,5634667,5634667,5634667,5634667,5634667,1,5634667,5634667,5634667,5634667,1,1,1.77,trivialis,LT629760,trivialis
"Pseudomonas pohangensis strain DSM 17875 genome assembly, chromosome: I",GCF_900105995.1_IMG-taxon_2667527387_annotated_assembly_genomic.fna,NZ_LT629785.1,pseudomonas_pohangensis,REFSEQ,77,77_LT629785,1,1,1,1,1,1,3769689,3769689,3769689,3769689,3769689,3769689,1,3769689,3769689,3769689,3769689,1,1,2.65,pohangensis,LT629785,pohangensis
"Pseudomonas pseudoalcaligenes NBRC 14167, whole genome shotgun sequence",GCF_002091775.1_ASM209177v1_genomic.fna,NZ_BDAJ01000001.1,pseudomonas_pseudoalcaligenes,REFSEQ,78,78_BDAJ01000001,204,184,136,112,64,32,4702414,4687694,4566249,4387513,3609652,2464134,204,152968,4702414,53275,26410,30,61,0.0,pseudoalcaligenes,BDAJ01000001,pseudoalcaligenes
Pseudomonas cedrina strain LMG 23661 chromosome I,GCF_900104915.1_IMG-taxon_2636416193_annotated_assembly_genomic.fna,NZ_LT629753.1,pseudomonas_cedrina,REFSEQ,79,79_LT629753,1,1,1,1,1,1,6539015,6539015,6539015,6539015,6539015,6539015,1,6539015,6539015,6539015,6539015,1,1,1.53,cedrina,LT629753,cedrina
"Pseudomonas balearica DSM 6083 strain DSM6083 (=SP1402) chromosome, complete genome",GCF_000818015.1_ASM81801v1_genomic.fna,NZ_CP007511.1,pseudomonas_balearica,REFSEQ,80,80_CP007511,1,1,1,1,1,1,4383480,4383480,4383480,4383480,4383480,4383480,1,4383480,4383480,4383480,4383480,1,1,0.0,balearica,CP007511,balearica
"Pseudomonas kunmingensis strain DSM 25974, whole genome shotgun sequence",GCF_900114065.1_IMG-taxon_2663763606_annotated_assembly_genomic.fna,NZ_FORS01000031.1,pseudomonas_kunmingensis,REFSEQ,81,81_FORS01000031,33,33,26,22,18,14,4654543,4654543,4642575,4607841,4551142,4396429,33,889916,4654543,480906,240698,4,7,6.02,kunmingensis,FORS01000031,kunmingensis
"Pseudomonas cannabina strain ICMP 2823, whole genome shotgun sequence",GCF_900100365.1_IMG-taxon_2667527432_annotated_assembly_genomic.fna,NZ_FNKU01000007.1,pseudomonas_cannabina,REFSEQ,82,82_FNKU01000007,9,9,9,8,8,4,6388314,6388314,6388314,6379894,6379894,6214483,9,5817980,6388314,5817980,5817980,1,1,0.0,cannabina,FNKU01000007,cannabina
"Pseudomonas oryzihabitans NBRC 102199, whole genome shotgun sequence",GCF_000730625.1_ASM73062v1_genomic.fna,NZ_BBIT01000034.1,pseudomonas_oryzihabitans,REFSEQ,83,83_BBIT01000034,34,34,32,30,24,21,5027590,5027590,5025315,5012305,4910573,4812801,34,953810,5027590,433363,135345,4,9,0.0,oryzihabitans,BBIT01000034,oryzihabitans
"Pseudomonas alcaligenes strain NEB 585, complete genome",GCF_001597285.1_ASM159728v1_genomic.fna,NZ_CP014784.1,pseudomonas_alcaligenes,REFSEQ,84,84_CP014784,1,1,1,1,1,1,4406305,4406305,4406305,4406305,4406305,4406305,1,4406305,4406305,4406305,4406305,1,1,0.0,alcaligenes,CP014784,alcaligenes
"Pseudomonas yamanorum strain LMG 27247 genome assembly, chromosome: I",GCF_900105735.1_IMG-taxon_2667528168_annotated_assembly_genomic.fna,NZ_LT629793.1,pseudomonas_yamanorum,REFSEQ,85,85_LT629793,1,1,1,1,1,1,7087525,7087525,7087525,7087525,7087525,7087525,1,7087525,7087525,7087525,7087525,1,1,1.41,yamanorum,LT629793,yamanorum
"Pseudomonas abyssi strain MT5 contig1, whole genome shotgun sequence",GCF_002307495.1_ASM230749v1_genomic.fna,NZ_NTMR01000001.1,pseudomonas_abyssi,REFSEQ,86,86_NTMR01000001,79,61,44,33,25,21,4322744,4312793,4270802,4191247,4044569,3914673,70,473601,4319339,236029,109619,7,13,0.0,abyssi,NTMR01000001,abyssi
"Pseudomonas salegens strain CECT 8338 genome assembly, chromosome: I",GCF_900105655.1_IMG-taxon_2667527386_annotated_assembly_genomic.fna,NZ_LT629787.1,pseudomonas_salegens,REFSEQ,87,87_LT629787,1,1,1,1,1,1,3796105,3796105,3796105,3796105,3796105,3796105,1,3796105,3796105,3796105,3796105,1,1,2.63,salegens,LT629787,salegens
Pseudomonas reinekei strain DSM 18361 chromosome I,GCF_900104125.1_IMG-taxon_2639762506_annotated_assembly_genomic.fna,NZ_LT629709.1,pseudomonas_reinekei,REFSEQ,88,88_LT629709,1,1,1,1,1,1,6312685,6312685,6312685,6312685,6312685,6312685,1,6312685,6312685,6312685,6312685,1,1,1.58,reinekei,LT629709,reinekei
Pseudomonas thivervalensis strain DSM 13194 chromosome I,GCF_900102295.1_IMG-taxon_2639762509_annotated_assembly_genomic.fna,NZ_LT629691.1,pseudomonas_thivervalensis,REFSEQ,89,89_LT629691,1,1,1,1,1,1,6604078,6604078,6604078,6604078,6604078,6604078,1,6604078,6604078,6604078,6604078,1,1,1.51,thivervalensis,LT629691,thivervalensis
"Pseudomonas peli strain DSM 17833, whole genome shotgun sequence",GCF_900099645.1_IMG-taxon_2671180067_annotated_assembly_genomic.fna,NZ_FMTL01000017.1,pseudomonas_peli,REFSEQ,90,90_FMTL01000017,20,20,15,14,11,8,4487120,4487120,4469919,4463975,4412326,4315145,20,1822137,4487120,1227061,545019,2,3,3.45,peli,FMTL01000017,peli
Pseudomonas psychrophila strain LMG 24276 chromosome I,GCF_900106105.1_IMG-taxon_2636416189_annotated_assembly_genomic.fna,NZ_LT629795.1,pseudomonas_psychrophila,REFSEQ,91,91_LT629795,1,1,1,1,1,1,5322478,5322478,5322478,5322478,5322478,5322478,1,5322478,5322478,5322478,5322478,1,1,1.88,psychrophila,LT629795,psychrophila
"Pseudomonas azotoformans strain LMG 21611 genome assembly, chromosome: I",GCF_900103345.1_IMG-taxon_2636416017_annotated_assembly_genomic.fna,NZ_LT629702.1,pseudomonas_azotoformans,REFSEQ,92,92_LT629702,1,1,1,1,1,1,6727386,6727386,6727386,6727386,6727386,6727386,1,6727386,6727386,6727386,6727386,1,1,1.49,azotoformans,LT629702,azotoformans
"Pseudomonas seleniipraecipitans strain LMG 25475, whole genome shotgun sequence",GCF_900102335.1_IMG-taxon_2671180043_annotated_assembly_genomic.fna,NZ_FNBM01000017.1,pseudomonas_seleniipraecipitans,REFSEQ,93,93_FNBM01000017,18,18,15,15,14,13,4546163,4546163,4541100,4541100,4525583,4489714,18,1021635,4546163,402243,240754,4,7,14.34,seleniipraecipitans,FNBM01000017,seleniipraecipitans
"Pseudomonas donghuensis strain HYS Scaffold1, whole genome shotgun sequence",GCF_000259195.1_LF10417_PSEudwD_genomic.fna,NZ_JH650757.1,pseudomonas_donghuensis,REFSEQ,94,94_JH650757,64,60,56,52,41,31,5646028,5643400,5630740,5596791,5406101,4989920,64,503710,5646028,188174,102903,10,20,116.06,donghuensis,JH650757,donghuensis
"Pseudomonas lutea strain JCM 3352, whole genome shotgun sequence",GCF_900110795.1_IMG-taxon_2663762783_annotated_assembly_genomic.fna,NZ_FOEV01000053.1,pseudomonas_lutea,REFSEQ,15,15_FOEV01000053,53,53,35,29,23,19,5421602,5421602,5387896,5340583,5245246,5113603,53,512669,5421602,322783,211128,7,11,0.0,luteola,FOEV01000053,luteola
"Pseudomonas kilonensis strain DSM 13647, whole genome shotgun sequence",GCF_900105635.1_IMG-taxon_2639762655_annotated_assembly_genomic.fna,NZ_FNTT01000002.1,pseudomonas_kilonensis,REFSEQ,95,95_FNTT01000002,2,2,2,2,2,2,6415378,6415378,6415378,6415378,6415378,6415378,2,5740441,6415378,5740441,5740441,1,1,0.0,kilonensis,FNTT01000002,kilonensis
Pseudomonas vancouverensis strain LMG 20222 chromosome I,GCF_900105825.1_IMG-taxon_2667527228_annotated_assembly_genomic.fna,NZ_LT629803.1,pseudomonas_vancouverensis,REFSEQ,96,96_LT629803,1,1,1,1,1,1,6424905,6424905,6424905,6424905,6424905,6424905,1,6424905,6424905,6424905,6424905,1,1,1.56,vancouverensis,LT629803,vancouverensis
"Pseudomonas oryzae strain KCTC 32247 genome assembly, chromosome: I",GCF_900104805.1_IMG-taxon_2667527434_annotated_assembly_genomic.fna,NZ_LT629751.1,pseudomonas_oryzae,REFSEQ,97,97_LT629751,1,1,1,1,1,1,4642193,4642193,4642193,4642193,4642193,4642193,1,4642193,4642193,4642193,4642193,1,1,2.15,oryzae,LT629751,oryzae
"Pseudomonas anguilliseptica strain DSM 12111, whole genome shotgun sequence",GCF_900105355.1_IMG-taxon_2687453785_annotated_assembly_genomic.fna,NZ_FNSC01000003.1,pseudomonas_anguilliseptica,REFSEQ,98,98_FNSC01000003,3,3,2,2,2,2,5229617,5229617,5226238,5226238,5226238,5226238,3,5020146,5229617,5020146,5020146,1,1,0.0,anguilliseptica,FNSC01000003,anguilliseptica
"Pseudomonas rhizosphaerae strain DSM 16299 chromosome, complete genome",GCF_000761155.1_ASM76115v1_genomic.fna,NZ_CP009533.1,pseudomonas_rhizosphaerae,REFSEQ,99,99_CP009533,1,1,1,1,1,1,4688635,4688635,4688635,4688635,4688635,4688635,1,4688635,4688635,4688635,4688635,1,1,0.0,rhizosphaerae,CP009533,rhizosphaerae
"Pseudomonas citronellolis strain LMG 18378, whole genome shotgun sequence",GCF_900112375.1_IMG-taxon_2663762793_annotated_assembly_genomic.fna,NZ_FOLS01000075.1,pseudomonas_citronellolis,REFSEQ,100,100_FOLS01000075,76,76,64,63,55,45,7198503,7198503,7167887,7162131,7014627,6640122,76,386725,7198503,157758,108761,16,29,38.9,citronellolis,FOLS01000075,citronellolis
"Pseudomonas taiwanensis DSM 21245 H620DRAFT_scaffold00001.1, whole genome shotgun sequence",GCF_000425785.1_ASM42578v1_genomic.fna,NZ_KE384450.1,pseudomonas_taiwanensis,REFSEQ,101,101_KE384450,67,67,48,43,37,32,5415134,5415134,5382035,5347815,5239135,5008785,67,633911,5415134,174759,116039,10,19,44.25,taiwanensis,KE384450,taiwanensis
"Pseudomonas taeanensis MS-3 contig_01, whole genome shotgun sequence",GCF_000498575.2_MS-3_genomic.fna,NZ_AWSQ01000001.1,pseudomonas_taeanensis,REFSEQ,102,102_AWSQ01000001,18,18,14,13,12,12,5454863,5454863,5444856,5439257,5423889,5423889,18,1851393,5454863,1007976,485884,2,4,1.92,taeanensis,AWSQ01000001,taeanensis
"Pseudomonas sagittaria strain JCM 18195, whole genome shotgun sequence",GCF_900115715.1_IMG-taxon_2663762798_annotated_assembly_genomic.fna,NZ_FOXM01000043.1,pseudomonas_sagittaria,REFSEQ,103,103_FOXM01000043,44,44,35,33,30,20,4607575,4607575,4586553,4571410,4522717,4146845,44,464453,4607575,208187,128937,7,13,7.27,sagittaria,FOXM01000043,sagittaria
"Pseudomonas alcaliphila JAB1 chromosome, complete genome",GCF_001941865.1_ASM194186v1_genomic.fna,NZ_CP016162.1,pseudomonas_alcaliphila,REFSEQ,104,104_CP016162,1,1,1,1,1,1,5340293,5340293,5340293,5340293,5340293,5340293,1,5340293,5340293,5340293,5340293,1,1,0.0,alcaliphila,CP016162,alcaliphila
Pseudomonas mediterranea strain DSM 16733 chromosome I,GCF_900106005.1_IMG-taxon_2675902957_annotated_assembly_genomic.fna,NZ_LT629790.1,pseudomonas_mediterranea,REFSEQ,105,105_LT629790,1,1,1,1,1,1,6346235,6346235,6346235,6346235,6346235,6346235,1,6346235,6346235,6346235,6346235,1,1,1.58,mediterranea,LT629790,mediterranea
"Pseudomonas monteilii NBRC 103158 = DSM 14164 Q381DRAFT_scaffold00001.1_C, whole genome shotgun sequence",GCF_000621245.1_ASM62124v1_genomic.fna,NZ_JHYV01000001.1,pseudomonas_monteilii,REFSEQ,106,106_JHYV01000001,85,85,61,53,44,32,6308713,6308713,6249490,6191511,6057379,5612671,85,542100,6308713,204302,115717,10,20,4.52,monteilii,JHYV01000001,monteilii
"Pseudomonas proteolytica strain LMG 22710, whole genome shotgun sequence",GCF_900105955.1_IMG-taxon_2639763197_annotated_assembly_genomic.fna,NZ_FNTR01000007.1,pseudomonas_proteolytica,REFSEQ,107,107_FNTR01000007,7,7,7,7,7,6,6496015,6496015,6496015,6496015,6496015,6446844,7,4237315,6496015,4237315,781100,1,2,0.0,proteolytica,FNTR01000007,proteolytica
"Pseudomonas segetis strain CIP 108523, whole genome shotgun sequence",GCF_900188155.1_IMG-taxon_2671180091_annotated_assembly_genomic.fna,NZ_FZOG01000016.1,pseudomonas_segetis,REFSEQ,108,108_FZOG01000016,16,16,12,11,10,10,4725422,4725422,4715921,4705978,4690462,4690462,16,1281898,4725422,1179970,320967,2,5,46.03,segetis,FZOG01000016,segetis
Pseudomonas extremorientalis strain LMG 19695 chromosome I,GCF_900104365.1_IMG-taxon_2639762715_annotated_assembly_genomic.fna,NZ_LT629708.1,pseudomonas_extremorientalis,REFSEQ,109,109_LT629708,1,1,1,1,1,1,6373103,6373103,6373103,6373103,6373103,6373103,1,6373103,6373103,6373103,6373103,1,1,1.57,extremorientalis,LT629708,extremorientalis
"Pseudomonas panipatensis strain CCM 7469, whole genome shotgun sequence",GCF_900099785.1_IMG-taxon_2663762770_annotated_assembly_genomic.fna,NZ_FNDS01000032.1,pseudomonas_panipatensis,REFSEQ,110,110_FNDS01000032,34,34,24,24,20,18,5775530,5775530,5755831,5755831,5687014,5623252,34,850239,5775530,442758,271524,5,9,8.4,panipatensis,FNDS01000032,panipatensis
"Pseudomonas guineae strain LMG 24016, whole genome shotgun sequence",GCF_900113745.1_IMG-taxon_2667527413_annotated_assembly_genomic.fna,NZ_FOQL01000010.1,pseudomonas_guineae,REFSEQ,111,111_FOQL01000010,10,10,10,9,7,7,4149587,4149587,4149587,4144337,4105532,4105532,10,1979549,4149587,579936,556228,2,3,3.86,guineae,FOQL01000010,guineae
"Pseudomonas borbori strain DSM 17834, whole genome shotgun sequence",GCF_900115555.1_IMG-taxon_2671180032_annotated_assembly_genomic.fna,NZ_FOWX01000096.1,pseudomonas_borbori,REFSEQ,112,112_FOWX01000096,96,96,73,61,45,35,5270473,5270473,5205826,5120186,4874442,4545050,96,298140,5270473,159007,85050,13,26,48.67,borbori,FOWX01000096,borbori
"Pseudomonas soli strain LMG 27941, whole genome shotgun sequence",GCF_900110655.1_IMG-taxon_2663762771_annotated_assembly_genomic.fna,NZ_FOEQ01000034.1,pseudomonas_soli,REFSEQ,113,113_FOEQ01000034,34,34,29,28,22,18,5644909,5644909,5635897,5629424,5524156,5396638,34,991515,5644909,357163,209683,5,9,74.47,soli,FOEQ01000034,soli
"Pseudomonas sabulinigri strain JCM 14963 genome assembly, chromosome: I",GCF_900105255.1_IMG-taxon_2675902958_annotated_assembly_genomic.fna,NZ_LT629763.1,pseudomonas_sabulinigri,REFSEQ,114,114_LT629763,1,1,1,1,1,1,4030203,4030203,4030203,4030203,4030203,4030203,1,4030203,4030203,4030203,4030203,1,1,2.48,sabulinigri,LT629763,sabulinigri
"Pseudomonas lurida strain LMG 21995 Ga0070647_11, whole genome shotgun sequence",GCF_002563895.1_ASM256389v1_genomic.fna,NZ_PDJB01000001.1,pseudomonas_lurida,REFSEQ,115,115_PDJB01000001,1,1,1,1,1,1,6311648,6311648,6311648,6311648,6311648,6311648,1,6311648,6311648,6311648,6311648,1,1,0.0,lurida,PDJB01000001,lurida
"Pseudomonas lundensis strain LMG 13517, whole genome shotgun sequence",GCF_900103705.1_IMG-taxon_2639762560_annotated_assembly_genomic.fna,NZ_FNLA01000002.1,pseudomonas_lundensis,REFSEQ,116,116_FNLA01000002,2,2,2,2,2,2,5008343,5008343,5008343,5008343,5008343,5008343,2,4400186,5008343,4400186,4400186,1,1,0.0,lundensis,FNLA01000002,lundensis
Pseudomonas corrugata strain LMG 2172 chromosome I,GCF_900106085.1_IMG-taxon_2639763195_annotated_assembly_genomic.fna,NZ_LT629798.1,pseudomonas_corrugata,REFSEQ,117,117_LT629798,1,1,1,1,1,1,6150838,6150838,6150838,6150838,6150838,6150838,1,6150838,6150838,6150838,6150838,1,1,1.63,corrugata,LT629798,corrugata
"Pseudomonas tremae strain ICMP 9151 PtrICMP9151_Contig_1, whole genome shotgun sequence",GCF_001401155.1_PtrICMP9151_genomic.fna,NZ_LJRO01000117.1,pseudomonas_tremae,REFSEQ,118,118_LJRO01000117,510,110,66,59,50,39,5929145,5751454,5654860,5603540,5471180,5072231,225,364705,5827046,140769,73135,14,28,3.31,tremae,LJRO01000117,tremae
"Pseudomonas prosekii strain LMG 26867 genome assembly, chromosome: I",GCF_900105155.1_IMG-taxon_2663762789_annotated_assembly_genomic.fna,NZ_LT629762.1,pseudomonas_prosekii,REFSEQ,119,119_LT629762,1,1,1,1,1,1,6092055,6092055,6092055,6092055,6092055,6092055,1,6092055,6092055,6092055,6092055,1,1,1.64,prosekii,LT629762,prosekii
"Pseudomonas palleroniana strain LMG 23076, whole genome shotgun sequence",GCF_900105975.1_IMG-taxon_2639762588_annotated_assembly_genomic.fna,NZ_FNUA01000002.1,pseudomonas_palleroniana,REFSEQ,120,120_FNUA01000002,2,2,2,2,2,2,6153135,6153135,6153135,6153135,6153135,6153135,2,5814540,6153135,5814540,5814540,1,1,0.0,palleroniana,FNUA01000002,palleroniana
"Pseudomonas thermotolerans DSM 14292 H165DRAFT_scaffold00001.1, whole genome shotgun sequence",GCF_000364625.1_ASM36462v1_genomic.fna,NZ_KB822599.1,pseudomonas_thermotolerans,REFSEQ,121,121_KB822599,75,75,45,39,30,25,3752096,3752096,3683773,3639570,3513180,3336784,75,310662,3752096,159554,84058,9,18,89.74,thermotolerans,KB822599,thermotolerans
"Pseudomonas grimontii strain DSM 17515, whole genome shotgun sequence",GCF_900101085.1_IMG-taxon_2639762651_annotated_assembly_genomic.fna,NZ_FNKM01000002.1,pseudomonas_grimontii,REFSEQ,122,122_FNKM01000002,2,2,2,2,2,2,7107743,7107743,7107743,7107743,7107743,7107743,2,6922452,7107743,6922452,6922452,1,1,0.0,grimontii,FNKM01000002,grimontii
"Pseudomonas guguanensis strain JCM 18416, whole genome shotgun sequence",GCF_900104265.1_IMG-taxon_2663762796_annotated_assembly_genomic.fna,NZ_FNJJ01000026.1,pseudomonas_guguanensis,REFSEQ,123,123_FNJJ01000026,26,26,23,22,22,20,5084171,5084171,5074538,5068560,5068560,4974709,26,511368,5084171,291442,197852,7,12,124.11,guguanensis,FNJJ01000026,guguanensis
"Pseudomonas fulva NBRC 16637 = DSM 17717 Q382DRAFT_scaffold00001.1_C, whole genome shotgun sequence",GCF_000621265.1_ASM62126v1_genomic.fna,NZ_JHYU01000001.1,pseudomonas_fulva,REFSEQ,124,124_JHYU01000001,48,48,37,33,30,26,4770636,4770636,4736618,4707805,4659918,4483159,48,568280,4770636,178183,120154,8,16,93.95,fulva,JHYU01000001,fulva
Pseudomonas brenneri strain DSM 15294 chromosome I,GCF_900105815.1_IMG-taxon_2639762518_annotated_assembly_genomic.fna,NZ_LT629800.1,pseudomonas_brenneri,REFSEQ,125,125_LT629800,1,1,1,1,1,1,6032706,6032706,6032706,6032706,6032706,6032706,1,6032706,6032706,6032706,6032706,1,1,1.66,brenneri,LT629800,brenneri
"Pseudomonas jessenii strain LMG 21605, whole genome shotgun sequence",GCF_900104905.1_IMG-taxon_2639762619_annotated_assembly_genomic.fna,NZ_FNTC01000002.1,pseudomonas_jessenii,REFSEQ,126,126_FNTC01000002,2,2,2,2,2,2,6588452,6588452,6588452,6588452,6588452,6588452,2,6243738,6588452,6243738,6243738,1,1,0.0,jessenii,FNTC01000002,jessenii
"Cellvibrio japonicus Ueda107, complete sequence",GCF_000019225.1_ASM1922v1_genomic.fna,NC_010995.1,cellvibrio_japonicus,REFSEQ,127,127_010995,1,1,1,1,1,1,4576573,4576573,4576573,4576573,4576573,4576573,1,4576573,4576573,4576573,4576573,1,1,0.0,cjaponicus,010995,cjaponicus
"Pseudomonas ficuserectae strain ICMP 7848 PfiICMP7848_Contig_1, whole genome shotgun sequence",GCF_001400815.1_PfiICMP7848_genomic.fna,NZ_LJQJ01000543.1,pseudomonas_ficuserectae,REFSEQ,128,128_LJQJ01000543,624,522,330,191,49,6,5655086,5597354,5095326,4071433,1791755,381571,578,92007,5640651,18060,9209,99,208,247.93,ficuserectae,LJQJ01000543,ficuserectae
"Pseudomonas pachastrellae strain JCM 12285, whole genome shotgun sequence",GCF_900114765.1_IMG-taxon_2663763599_annotated_assembly_genomic.fna,NZ_FOUD01000055.1,pseudomonas_pachastrellae,REFSEQ,129,129_FOUD01000055,55,55,41,34,29,25,3934694,3934694,3899717,3850576,3786024,3643347,55,326956,3934694,153272,115222,10,17,34.28,pachastrellae,FOUD01000055,pachastrellae
"Pseudomonas asplenii strain ATCC 23835 genome assembly, chromosome: I",GCF_900105475.1_IMG-taxon_2667527430_annotated_assembly_genomic.fna,NZ_LT629777.1,pseudomonas_asplenii,REFSEQ,130,130_LT629777,1,1,1,1,1,1,6529636,6529636,6529636,6529636,6529636,6529636,1,6529636,6529636,6529636,6529636,1,1,1.53,asplenii,LT629777,asplenii
"Pseudomonas migulae strain LMG 21608, whole genome shotgun sequence",GCF_900106025.1_IMG-taxon_2636416188_annotated_assembly_genomic.fna,NZ_FNTY01000002.1,pseudomonas_migulae,REFSEQ,131,131_FNTY01000002,2,2,2,2,2,2,6782308,6782308,6782308,6782308,6782308,6782308,2,6112172,6782308,6112172,6112172,1,1,0.0,migulae,FNTY01000002,migulae
"Pseudomonas fuscovaginae strain LMG 2158 genome assembly, chromosome: I",GCF_900108595.1_IMG-taxon_2667527230_annotated_assembly_genomic.fna,NZ_LT629972.1,pseudomonas_fuscovaginae,REFSEQ,132,132_LT629972,1,1,1,1,1,1,6592354,6592354,6592354,6592354,6592354,6592354,1,6592354,6592354,6592354,6592354,1,1,1.52,fuscovaginae,LT629972,fuscovaginae
"Pseudomonas mendocina NBRC 14162, whole genome shotgun sequence",GCF_000813265.1_ASM81326v1_genomic.fna,NZ_BBQC01000022.1,pseudomonas_mendocina,REFSEQ,133,133_BBQC01000022,22,21,18,17,16,15,5124692,5124110,5117320,5111830,5095882,5065976,22,1022592,5124692,428844,299033,5,8,0.0,mendocina,BBQC01000022,mendocina
"Pseudomonas protegens CHA0, complete genome",GCF_000397205.1_ASM39720v1_genomic.fna,NC_021237.1,pseudomonas_protegens,REFSEQ,134,134_021237,1,1,1,1,1,1,6867980,6867980,6867980,6867980,6867980,6867980,1,6867980,6867980,6867980,6867980,1,1,0.0,protegens,021237,protegens
"Pseudomonas oleovorans strain RS1, whole genome shotgun sequence",GCF_900109155.1_IMG-taxon_2671180034_annotated_assembly_genomic.fna,NZ_FNZC01000117.1,pseudomonas_oleovorans,REFSEQ,135,135_FNZC01000117,118,118,100,92,63,39,4784556,4784556,4746673,4681175,4159974,3365199,118,174264,4784556,69240,37509,23,45,137.36,oleovorans,FNZC01000117,oleovorans
"Pseudomonas composti strain CCUG 59231, whole genome shotgun sequence",GCF_900115475.1_IMG-taxon_2663762774_annotated_assembly_genomic.fna,NZ_FOWP01000027.1,pseudomonas_composti,REFSEQ,136,136_FOWP01000027,28,28,24,24,22,20,5392494,5392494,5381627,5381627,5352838,5267512,28,841801,5392494,425534,197756,5,11,38.2,composti,FOWP01000027,composti
"Pseudomonas stutzeri, complete sequence",GCF_000219605.1_ASM21960v1_genomic.fna,NC_015740.1,"pseudomonas_stutzeri,",REFSEQ,137,137_015740,1,1,1,1,1,1,4547930,4547930,4547930,4547930,4547930,4547930,1,4547930,4547930,4547930,4547930,1,1,0.0,stutzeri,015740,stutzeri
"Pseudomonas pelagia CL-AP6 111.KCCM90073.1_1, whole genome shotgun sequence",GCF_000410875.1_KCCM90073_genomic.fna,NZ_AROI01000001.1,pseudomonas_pelagia,REFSEQ,138,138_AROI01000001,81,72,50,43,32,25,4642307,4635346,4588971,4539969,4364711,4106253,81,492049,4642307,186161,89996,9,17,0.0,pelagia,AROI01000001,pelagia
Pseudomonas agarici strain NCPPB 2472 genome,GCF_001543125.1_ASM154312v1_genomic.fna,NZ_CP014135.1,pseudomonas_agarici,REFSEQ,139,139_CP014135,1,1,1,1,1,1,5502003,5502003,5502003,5502003,5502003,5502003,1,5502003,5502003,5502003,5502003,1,1,166.59,agarici,CP014135,agarici
"Pseudomonas mucidolens strain LMG 2223 genome assembly, chromosome: I",GCF_900106045.1_IMG-taxon_2667527233_annotated_assembly_genomic.fna,NZ_LT629802.1,pseudomonas_mucidolens,REFSEQ,140,140_LT629802,1,1,1,1,1,1,5853167,5853167,5853167,5853167,5853167,5853167,1,5853167,5853167,5853167,5853167,1,1,1.71,mucidolens,LT629802,mucidolens
"Pseudomonas avellanae BPIC 631 contig1, whole genome shotgun sequence",GCF_000444135.1_CLC6_0_3_genomic.fna,NZ_ATDK01000001.1,pseudomonas_avellanae,REFSEQ,141,141_ATDK01000001,611,432,251,171,75,17,5962738,5881546,5445445,4844030,3282493,1159572,498,92823,5928135,29502,14063,64,138,0.0,avellanae,ATDK01000001,avellanae
"Pseudomonas yangmingensis strain DSM 24213, whole genome shotgun sequence",GCF_900114825.1_IMG-taxon_2663762769_annotated_assembly_genomic.fna,NZ_FOUI01000047.1,pseudomonas_yangmingensis,REFSEQ,142,142_FOUI01000047,47,47,30,26,20,18,3141501,3141501,3105965,3077437,2983178,2913074,47,457066,3141501,168739,104244,6,12,26.64,yangmingensis,FOUI01000047,yangmingensis
"Pseudomonas syringae pv. syringae strain ICMP 3023 PsyICMP3023_Contig_1, whole genome shotgun sequence",GCF_001401075.1_PsyICMP3023_genomic.fna,NZ_LJRK01000151.1,pseudomonas_syringae,REFSEQ,143,143_LJRK01000151,179,149,124,110,75,44,6073080,6060396,5986626,5887636,5333048,4197919,156,200069,6065539,76745,42536,26,52,2.26,syringae,LJRK01000151,syringae
"Pseudomonas argentinensis strain LMG 22563, whole genome shotgun sequence",GCF_900113905.1_IMG-taxon_2671180085_annotated_assembly_genomic.fna,NZ_FORC01000015.1,pseudomonas_argentinensis,REFSEQ,144,144_FORC01000015,15,15,10,10,9,7,5108022,5108022,5096401,5096401,5080112,4986184,15,1881468,5108022,1308850,706881,2,3,10.18,argentinensis,FORC01000015,argentinensis
Pseudomonas koreensis strain LMG 21318 chromosome I,GCF_900101415.1_IMG-taxon_2636416187_annotated_assembly_genomic.fna,NZ_LT629687.1,pseudomonas_koreensis,REFSEQ,145,145_LT629687,1,1,1,1,1,1,6123913,6123913,6123913,6123913,6123913,6123913,1,6123913,6123913,6123913,6123913,1,1,1.63,koreensis,LT629687,koreensis
"Pseudomonas deceptionensis strain LMG 25555, whole genome shotgun sequence",GCF_900106095.1_IMG-taxon_2636416038_annotated_assembly_genomic.fna,NZ_FNUD01000002.1,pseudomonas_deceptionensis,REFSEQ,146,146_FNUD01000002,2,2,1,1,1,1,5096762,5096762,5095053,5095053,5095053,5095053,2,5095053,5096762,5095053,5095053,1,1,0.0,deceptionensis,FNUD01000002,deceptionensis
"Pseudomonas coleopterorum strain LMG 28558, whole genome shotgun sequence",GCF_900105555.1_IMG-taxon_2675903003_annotated_assembly_genomic.fna,NZ_FNTZ01000002.1,pseudomonas_coleopterorum,REFSEQ,147,147_FNTZ01000002,2,2,2,2,2,2,4922895,4922895,4922895,4922895,4922895,4922895,2,4857115,4922895,4857115,4857115,1,1,0.0,coleopterorum,FNTZ01000002,coleopterorum
"Pseudomonas cremoricolorata DSM 17059 = NBRC 16634 strain DSM 17059 H618DRAFT_scaffold00001.1_C, whole genome shotgun sequence",GCF_000425745.1_ASM42574v1_genomic.fna,NZ_AUEA01000001.1,pseudomonas_cremoricolorata,REFSEQ,148,148_AUEA01000001,26,26,22,19,18,18,4655082,4655082,4648541,4630209,4613227,4613227,26,561759,4655082,416153,239423,5,9,28.25,cremoricolorata,AUEA01000001,cremoricolorata
"Pseudomonas plecoglossicida NBRC 103162 = DSM 15088 Q378DRAFT_scaffold00001.1_C, whole genome shotgun sequence",GCF_000688275.1_ASM68827v1_genomic.fna,NZ_JHYX01000001.1,pseudomonas_plecoglossicida,REFSEQ,149,149_JHYX01000001,58,58,51,47,39,31,5347571,5347571,5330537,5304556,5168313,4871060,58,466409,5347571,172824,93122,10,20,0.56,plecoglossicida,JHYX01000001,plecoglossicida
"Pseudomonas cichorii strain ATCC 10857, whole genome shotgun sequence",GCF_900104015.1_IMG-taxon_2667527209_annotated_assembly_genomic.fna,NZ_FNIK01000054.1,pseudomonas_cichorii,REFSEQ,150,150_FNIK01000054,55,55,40,30,25,24,5920059,5920059,5886674,5817670,5732412,5698029,55,808481,5920059,343756,181654,6,13,20.61,cichorii,FNIK01000054,cichorii
"Pseudomonas sihuiensis strain KCTC 32246 genome assembly, chromosome: I",GCF_900106015.1_IMG-taxon_2667527235_annotated_assembly_genomic.fna,NZ_LT629797.1,pseudomonas_sihuiensis,REFSEQ,151,151_LT629797,1,1,1,1,1,1,5476367,5476367,5476367,5476367,5476367,5476367,1,5476367,5476367,5476367,5476367,1,1,1.83,sihuiensis,LT629797,sihuiensis
"Pseudomonas putida NBRC 14164, complete sequence",GCF_000412675.1_ASM41267v1_genomic.fna,NC_021505.1,pseudomonas_putida,REFSEQ,152,152_021505,1,1,1,1,1,1,6156701,6156701,6156701,6156701,6156701,6156701,1,6156701,6156701,6156701,6156701,1,1,0.0,putida,021505,putida
"Pseudomonas benzenivorans strain DSM 8628, whole genome shotgun sequence",GCF_900100495.1_IMG-taxon_2663762779_annotated_assembly_genomic.fna,NZ_FNCT01000044.1,pseudomonas_benzenivorans,REFSEQ,153,153_FNCT01000044,44,44,40,35,27,24,5743144,5743144,5728852,5692178,5548046,5439074,44,673158,5743144,318602,151444,7,13,5.22,benzenivorans,FNCT01000044,benzenivorans
"Pseudomonas straminea strain JCM 2783, whole genome shotgun sequence",GCF_900112645.1_IMG-taxon_2663762767_annotated_assembly_genomic.fna,NZ_FOMO01000020.1,pseudomonas_straminea,REFSEQ,154,154_FOMO01000020,21,21,19,17,16,15,4992198,4992198,4987715,4974014,4958417,4909617,21,926042,4992198,548417,217057,4,7,3.91,straminea,FOMO01000020,straminea
"Pseudomonas parafulva NBRC 16636 = DSM 17004 H619DRAFT_scaffold00001.1, whole genome shotgun sequence",GCF_000425765.1_ASM42576v1_genomic.fna,NZ_KE384443.1,pseudomonas_parafulva,REFSEQ,155,155_KE384443,32,32,29,28,23,20,4956622,4956622,4949869,4940580,4864295,4737306,32,990909,4956622,295916,175643,6,11,113.83,parafulva,KE384443,parafulva
"Pseudomonas nitroreducens strain LMG 21614, whole genome shotgun sequence",GCF_900188285.1_IMG-taxon_2671180175_annotated_assembly_genomic.fna,NZ_FZOM01000015.1,pseudomonas_nitroreducens,REFSEQ,156,156_FZOM01000015,16,16,13,13,12,12,6133138,6133138,6127499,6127499,6111647,6111647,16,1647563,6133138,855338,518113,3,5,37.37,nitroreducens,FZOM01000015,nitroreducens
"Pseudomonas costantinii strain LMG 22119, whole genome shotgun sequence",GCF_900105935.1_IMG-taxon_2645728113_annotated_assembly_genomic.fna,NZ_FNTS01000002.1,pseudomonas_costantinii,REFSEQ,157,157_FNTS01000002,2,2,2,2,2,1,6711067,6711067,6711067,6711067,6711067,6663720,2,6663720,6711067,6663720,6663720,1,1,0.0,costantinii,FNTS01000002,costantinii
"Pseudomonas linyingensis strain LMG 25967, whole genome shotgun sequence",GCF_900109175.1_IMG-taxon_2663762776_annotated_assembly_genomic.fna,NZ_FNZE01000043.1,pseudomonas_linyingensis,REFSEQ,158,158_FNZE01000043,43,43,34,31,29,25,4721122,4721122,4703481,4681215,4646906,4511710,43,467980,4721122,231539,124068,7,14,65.11,linyingensis,FNZE01000043,linyingensis
"Pseudomonas toyotomiensis strain JCM 15604, whole genome shotgun sequence",GCF_900115695.1_IMG-taxon_2663762766_annotated_assembly_genomic.fna,NZ_FOXK01000040.1,pseudomonas_toyotomiensis,REFSEQ,159,159_FOXK01000040,41,41,26,21,20,16,5489814,5489814,5457439,5428595,5412790,5241615,41,645558,5489814,444280,296245,5,9,0.18,toyotomiensis,FOXK01000040,toyotomiensis
empty,69C1_wgs.fasta,69C1,unknown,USER,160,160_69C1,21,19,17,16,15,15,4421165,4420499,4417555,4412092,4396532,4396532,19,724515,4420499,530907,429386,4,6,0.0,unknown,69C1,69C1
empty,45C2_wgs.fasta,45C2,unknown,USER,160,160_45C2,61,40,27,24,21,18,5748743,5739041,5712520,5695794,5647117,5540071,48,1368509,5744003,430146,281134,4,8,0.0,unknown,45C2,45C2
empty,119A3_wgs.fasta,119A3,unknown,USER,160,160_119A3,62,37,30,30,27,24,5266662,5257672,5242013,5242013,5184079,5067567,42,519169,5260717,292402,155998,8,13,0.0,unknown,119A3,119A3
empty,56A10_wgs.fasta,56A10,unknown,USER,160,160_56A10,96,67,55,47,40,36,5317610,5306213,5284586,5221838,5095103,4930541,73,626986,5310052,162085,87674,11,24,0.0,unknown,56A10,56A10
empty,34A1_wgs.fasta,34A1,unknown,USER,160,160_34A1,67,36,30,30,27,25,5225632,5214987,5202225,5202225,5162752,5089169,41,684650,5218387,227787,148659,7,14,0.0,unknown,34A1,34A1
empty,10A6_wgs.fasta,10A6,unknown,USER,160,160_10A6,85,68,55,50,40,28,5014900,5007953,4979551,4945236,4783328,4354775,74,490578,5011469,143141,97405,10,20,0.0,unknown,10A6,10A6
empty,57B2_wgs.fasta,57B2,unknown,USER,160,160_57B2,54,44,30,26,24,19,4765161,4760238,4724248,4696657,4668970,4520389,48,632869,4762958,303991,180257,6,11,0.0,unknown,57B2,57B2
empty,HS_1_wgs.fasta,HS1,unknown,USER,160,160_HS1,100,79,57,54,43,38,6519674,6510868,6462598,6444054,6276200,6076848,85,552711,6514732,187275,113384,13,24,0.0,unknown,HS1,HS1
empty,8A1_wgs.fasta,8A1,unknown,USER,160,160_8A1,24,18,15,14,12,11,4388224,4384607,4378416,4372604,4342945,4309769,22,879175,4387320,658584,511017,3,5,0.0,unknown,8A1,8A1
empty,4A7_wgs.fasta,4A7,unknown,USER,160,160_4A7,85,55,46,42,35,26,4390409,4379323,4351976,4325307,4200409,3866062,63,390089,4384099,200315,87734,9,18,0.0,unknown,4A7,4A7
empty,62A4_wgs.fasta,62A4,unknown,USER,160,160_62A4,50,33,29,29,26,20,4279164,4271007,4260981,4260981,4221878,3988818,38,530291,4274196,216335,168773,6,11,0.0,unknown,62A4,62A4
empty,97C1_wgs.fasta,97C1,unknown,USER,160,160_97C1,38,27,24,22,21,18,5022883,5018123,5008543,4995083,4975378,4878605,32,1062293,5021197,364598,171596,5,9,0.0,unknown,97C1,97C1
empty,HS_2_wgs.fasta,HS2,unknown,USER,160,160_HS2,122,73,51,48,45,36,6516451,6491294,6435292,6413850,6374588,6043121,99,438918,6508831,184619,113453,12,22,0.0,unknown,HS2,HS2
empty,96A1_wgs.fasta,96A1,unknown,USER,160,160_96A1,83,61,54,51,44,38,6350780,6340554,6323457,6298313,6161167,5937542,71,512129,6346948,157681,111692,11,23,0.0,unknown,96A1,96A1
empty,20A1_wgs.fasta,20A1,unknown,USER,160,160_20A1,95,55,46,42,37,33,5966503,5948771,5933182,5907310,5823987,5673710,67,462909,5957387,216552,130050,11,19,0.0,unknown,20A1,20A1
empty,95A6_wgs.fasta,95A6,unknown,USER,160,160_95A6,123,101,77,67,54,33,4998235,4988273,4933870,4857878,4659407,3905304,108,298705,4993631,114700,64070,16,31,0.0,unknown,95A6,95A6
empty,88B1_wgs.fasta,88B1,unknown,USER,160,160_88B1,86,52,43,42,36,33,5229663,5218006,5202375,5197285,5081743,4973605,57,583114,5221008,191778,118109,10,19,0.0,unknown,88B1,88B1
empty,39A1_wgs.fasta,39A1,unknown,USER,160,160_39A1,83,68,49,45,36,24,5152369,5145627,5097922,5074049,4939045,4516242,73,520341,5149393,212731,113370,9,17,0.0,unknown,39A1,39A1
empty,HS_4_wgs.fasta,HS4,unknown,USER,160,160_HS4,146,110,89,74,59,40,6883221,6861730,6817536,6720359,6438410,5703570,131,421638,6878130,129918,74910,15,32,0.0,unknown,HS4,HS4
empty,6C6_wgs.fasta,6C6,unknown,USER,160,160_6C6,134,99,75,64,54,38,4773438,4755503,4698371,4612633,4442266,3885280,114,299313,4766710,97492,55998,16,33,0.0,unknown,6C6,6C6
empty,89C1_wgs.fasta,89C1,unknown,USER,160,160_89C1,31,23,21,20,18,15,5610094,5605786,5603570,5598213,5564218,5471151,27,914828,5608481,532420,312419,4,8,0.0,unknown,89C1,89C1
empty,115A1_wgs.fasta,115A1,unknown,USER,160,160_115A1,34,26,19,18,16,15,4826474,4822925,4810535,4805022,4766732,4729252,29,615121,4824973,381757,312965,5,8,0.0,unknown,115A1,115A1
empty,31A8_wgs.fasta,31A8,unknown,USER,160,160_31A8,87,60,49,43,39,33,4940271,4930767,4903869,4856556,4789157,4575082,64,425491,4933281,140977,95759,12,22,0.0,unknown,31A8,31A8
empty,109A1_wgs.fasta,109A1,unknown,USER,160,160_109A1,332,69,46,40,33,25,5195573,5055019,5018264,4976186,4874614,4601419,193,467793,5134085,194981,121917,9,17,0.0,unknown,109A1,109A1
empty,HS_3_wgs.fasta,HS3,unknown,USER,160,160_HS3,168,105,82,74,59,41,6902411,6877758,6822201,6768650,6510619,5871203,121,463949,6888403,160961,82482,15,31,0.0,unknown,HS3,HS3
empty,82B1_wgs.fasta,82B1,unknown,USER,160,160_82B1,114,73,55,48,42,34,5277647,5261229,5214536,5156950,5051027,4735169,85,492385,5269094,131046,99321,13,24,0.0,unknown,82B1,82B1
empty,66C3_wgs.fasta,66C3,unknown,USER,160,160_66C3,60,40,30,29,27,22,5438403,5430327,5403680,5394764,5363693,5175964,44,554926,5433271,322747,243799,7,11,0.0,unknown,66C3,66C3
empty,99A1_wgs.fasta,99A1,unknown,USER,160,160_99A1,41,31,22,20,16,12,4931326,4927223,4905216,4891469,4841212,4709784,33,968887,4929078,548892,352652,4,6,0.0,unknown,99A1,99A1
empty,114A4_wgs.fasta,114A4,unknown,USER,160,160_114A4,98,69,53,50,45,41,5730181,5715542,5686949,5665804,5599696,5462488,84,382001,5725822,125350,101090,13,26,0.0,unknown,114A4,114A4
empty,HS_5_wgs.fasta,HS5,unknown,USER,160,160_HS5,167,111,77,64,48,36,6430851,6407031,6329597,6243034,5952473,5513582,123,663194,6415930,170289,76684,12,26,0.0,unknown,HS5,HS5
